-- MySQL dump 10.13  Distrib 5.7.10, for Win32 (AMD64)
--
-- Host: localhost    Database: food
-- ------------------------------------------------------
-- Server version	5.7.10-log

/*!40101 SET @OLD_CHARACTER_SET_CLIENT=@@CHARACTER_SET_CLIENT */;
/*!40101 SET @OLD_CHARACTER_SET_RESULTS=@@CHARACTER_SET_RESULTS */;
/*!40101 SET @OLD_COLLATION_CONNECTION=@@COLLATION_CONNECTION */;
/*!40101 SET NAMES utf8 */;
/*!40103 SET @OLD_TIME_ZONE=@@TIME_ZONE */;
/*!40103 SET TIME_ZONE='+00:00' */;
/*!40014 SET @OLD_UNIQUE_CHECKS=@@UNIQUE_CHECKS, UNIQUE_CHECKS=0 */;
/*!40014 SET @OLD_FOREIGN_KEY_CHECKS=@@FOREIGN_KEY_CHECKS, FOREIGN_KEY_CHECKS=0 */;
/*!40101 SET @OLD_SQL_MODE=@@SQL_MODE, SQL_MODE='NO_AUTO_VALUE_ON_ZERO' */;
/*!40111 SET @OLD_SQL_NOTES=@@SQL_NOTES, SQL_NOTES=0 */;

--
-- Current Database: `food`
--

CREATE DATABASE /*!32312 IF NOT EXISTS*/ `food` /*!40100 DEFAULT CHARACTER SET utf8 */;

USE `food`;

--
-- Table structure for table `comment`
--

DROP TABLE IF EXISTS `comment`;
/*!40101 SET @saved_cs_client     = @@character_set_client */;
/*!40101 SET character_set_client = utf8 */;
CREATE TABLE `comment` (
  `id` int(11) NOT NULL AUTO_INCREMENT,
  `writer_id` int(11) NOT NULL,
  `recipe_id` int(11) NOT NULL,
  `content` text NOT NULL,
  `timestamp` varchar(64) NOT NULL,
  PRIMARY KEY (`id`),
  KEY `FK38A5EE5FD0F54A6B` (`recipe_id`),
  KEY `FK38A5EE5FA75713E3` (`writer_id`),
  CONSTRAINT `FK38A5EE5FA75713E3` FOREIGN KEY (`writer_id`) REFERENCES `user` (`id`),
  CONSTRAINT `FK38A5EE5FD0F54A6B` FOREIGN KEY (`recipe_id`) REFERENCES `recipe` (`id`),
  CONSTRAINT `comment_ibfk_1` FOREIGN KEY (`writer_id`) REFERENCES `user` (`id`),
  CONSTRAINT `comment_ibfk_2` FOREIGN KEY (`recipe_id`) REFERENCES `recipe` (`id`)
) ENGINE=InnoDB AUTO_INCREMENT=18 DEFAULT CHARSET=utf8;
/*!40101 SET character_set_client = @saved_cs_client */;

--
-- Dumping data for table `comment`
--

LOCK TABLES `comment` WRITE;
/*!40000 ALTER TABLE `comment` DISABLE KEYS */;
INSERT INTO `comment` VALUES (1,2,1,'夏天也是吃南瓜的季节吗？','2016-07-19 10:43:18'),(2,3,1,'看着挺好的，营养','2016-08-10 17:33:17'),(3,4,1,'粉是什么时侯加的','2016-07-19 10:43:18'),(4,5,1,'是用老南瓜吗？','2016-08-10 17:33:17'),(5,6,1,'南瓜是熟切還是生切','2016-07-19 10:43:18'),(6,7,1,'水开了再放丸子蒸吗？','2016-08-10 17:33:17'),(7,1,2,'好有食欲啊','2016-08-05 18:55:19'),(8,3,2,'大厨又上菜啦，必须学起来','2016-08-10 17:33:17'),(9,4,2,'闻到香味了，嘿嘿','2016-08-05 19:11:16'),(10,5,2,'明天试试，感觉好好吃哦','2016-08-10 17:33:17'),(11,1,3,'抹上去的是猪油还是色拉油？','2016-04-22 21:17:48'),(12,2,3,'米饭是熟的吗','2016-08-05 18:55:19'),(13,4,3,'抹油管用吗？','2016-04-23 07:30:36'),(14,7,3,'终于知道烧卖就是饺子皮包炒米饭，学习了','2016-08-05 18:55:19'),(15,4,7,'减肥必备啊夏日降温避暑哈哈','2017-04-18 19:51:23'),(16,4,4,'下饭 好吃 肥肉去掉 切小块味道更好','2017-04-19 13:01:04'),(17,11,14,'就喜欢这种Q弹的 好吃！','2017-04-23 17:06:16');
/*!40000 ALTER TABLE `comment` ENABLE KEYS */;
UNLOCK TABLES;

--
-- Table structure for table `commentreply`
--

DROP TABLE IF EXISTS `commentreply`;
/*!40101 SET @saved_cs_client     = @@character_set_client */;
/*!40101 SET character_set_client = utf8 */;
CREATE TABLE `commentreply` (
  `id` int(11) NOT NULL AUTO_INCREMENT,
  `writer_id` int(11) NOT NULL,
  `receiver_id` int(11) NOT NULL,
  `comment_id` int(11) NOT NULL,
  `content` text NOT NULL,
  `timestamp` varchar(64) NOT NULL,
  PRIMARY KEY (`id`),
  KEY `FK307147EB7DCA0CE7` (`receiver_id`),
  KEY `FK307147EBA75713E3` (`writer_id`),
  KEY `FK307147EB905BE409` (`comment_id`),
  CONSTRAINT `FK307147EB7DCA0CE7` FOREIGN KEY (`receiver_id`) REFERENCES `user` (`id`),
  CONSTRAINT `FK307147EB905BE409` FOREIGN KEY (`comment_id`) REFERENCES `comment` (`id`),
  CONSTRAINT `FK307147EBA75713E3` FOREIGN KEY (`writer_id`) REFERENCES `user` (`id`),
  CONSTRAINT `commentreply_ibfk_1` FOREIGN KEY (`writer_id`) REFERENCES `user` (`id`),
  CONSTRAINT `commentreply_ibfk_2` FOREIGN KEY (`receiver_id`) REFERENCES `user` (`id`),
  CONSTRAINT `commentreply_ibfk_3` FOREIGN KEY (`comment_id`) REFERENCES `comment` (`id`)
) ENGINE=InnoDB AUTO_INCREMENT=6 DEFAULT CHARSET=utf8;
/*!40101 SET character_set_client = @saved_cs_client */;

--
-- Dumping data for table `commentreply`
--

LOCK TABLES `commentreply` WRITE;
/*!40000 ALTER TABLE `commentreply` DISABLE KEYS */;
INSERT INTO `commentreply` VALUES (1,1,2,1,'理论上什么时候都可以吃噢','2016-07-12 13:43:18'),(2,1,4,3,'搅拌的时候加就好','2016-08-11 15:43:18'),(3,1,5,4,'嫩南瓜口感更好','2016-08-11 15:43:18'),(4,9,4,15,'我也觉的！','2017-04-18 20:07:55'),(5,12,11,17,'牛筋选的好才行噢~','2017-04-23 17:06:58');
/*!40000 ALTER TABLE `commentreply` ENABLE KEYS */;
UNLOCK TABLES;

--
-- Table structure for table `concern`
--

DROP TABLE IF EXISTS `concern`;
/*!40101 SET @saved_cs_client     = @@character_set_client */;
/*!40101 SET character_set_client = utf8 */;
CREATE TABLE `concern` (
  `id` int(11) NOT NULL AUTO_INCREMENT,
  `actor_id` int(11) NOT NULL,
  `concernee_id` int(11) NOT NULL,
  PRIMARY KEY (`id`),
  KEY `FK38AF7AA01DCF49F6` (`concernee_id`),
  KEY `FK38AF7AA098BB0721` (`actor_id`),
  CONSTRAINT `FK38AF7AA01DCF49F6` FOREIGN KEY (`concernee_id`) REFERENCES `user` (`id`),
  CONSTRAINT `FK38AF7AA098BB0721` FOREIGN KEY (`actor_id`) REFERENCES `user` (`id`),
  CONSTRAINT `concern_ibfk_1` FOREIGN KEY (`actor_id`) REFERENCES `user` (`id`),
  CONSTRAINT `concern_ibfk_2` FOREIGN KEY (`concernee_id`) REFERENCES `user` (`id`)
) ENGINE=InnoDB AUTO_INCREMENT=21 DEFAULT CHARSET=utf8;
/*!40101 SET character_set_client = @saved_cs_client */;

--
-- Dumping data for table `concern`
--

LOCK TABLES `concern` WRITE;
/*!40000 ALTER TABLE `concern` DISABLE KEYS */;
INSERT INTO `concern` VALUES (1,6,1),(2,6,2),(3,6,3),(4,6,4),(5,6,5),(6,6,7),(7,6,8),(8,6,9),(9,6,10),(10,1,6),(11,2,6),(12,3,6),(13,4,6),(14,5,6),(15,7,6),(16,8,6),(17,9,6),(18,10,6),(19,4,8),(20,11,12);
/*!40000 ALTER TABLE `concern` ENABLE KEYS */;
UNLOCK TABLES;

--
-- Table structure for table `materialone`
--

DROP TABLE IF EXISTS `materialone`;
/*!40101 SET @saved_cs_client     = @@character_set_client */;
/*!40101 SET character_set_client = utf8 */;
CREATE TABLE `materialone` (
  `id` int(11) NOT NULL AUTO_INCREMENT,
  `type` varchar(64) NOT NULL,
  `name` varchar(64) NOT NULL,
  PRIMARY KEY (`id`)
) ENGINE=InnoDB AUTO_INCREMENT=31 DEFAULT CHARSET=utf8;
/*!40101 SET character_set_client = @saved_cs_client */;

--
-- Dumping data for table `materialone`
--

LOCK TABLES `materialone` WRITE;
/*!40000 ALTER TABLE `materialone` DISABLE KEYS */;
INSERT INTO `materialone` VALUES (1,'肉类','猪'),(2,'肉类','牛'),(3,'肉类','羊'),(4,'肉类','鸡'),(5,'肉类','鸭'),(6,'肉类','其他肉类'),(7,'肉类','制品'),(8,'水果花茶坚果','鲜果'),(9,'水果花茶坚果','花'),(10,'水果花茶坚果','坚果干果'),(11,'蔬菜菌藻药食','蔬菜类'),(12,'蔬菜菌藻药食','菌藻类'),(13,'蔬菜菌藻药食','药材类'),(14,'蔬菜菌藻药食','酸菜腌菜类'),(15,'鱼虾蟹贝等水产','虾'),(16,'鱼虾蟹贝等水产','蟹'),(17,'鱼虾蟹贝等水产','贝'),(18,'鱼虾蟹贝等水产','鱼'),(19,'鱼虾蟹贝等水产','其他'),(20,'谷类','米'),(21,'谷类','面'),(22,'谷类','杂粮'),(23,'谷类','淀粉类'),(24,'豆乳蛋类及制品','乳及其制品'),(25,'豆乳蛋类及制品','豆及其制品'),(26,'豆乳蛋类及制品','蛋及其制品'),(27,'调味品','香辛料'),(28,'调味品','酱'),(29,'调味品','油'),(30,'调味品','糖');
/*!40000 ALTER TABLE `materialone` ENABLE KEYS */;
UNLOCK TABLES;

--
-- Table structure for table `materialtwo`
--

DROP TABLE IF EXISTS `materialtwo`;
/*!40101 SET @saved_cs_client     = @@character_set_client */;
/*!40101 SET character_set_client = utf8 */;
CREATE TABLE `materialtwo` (
  `id` int(11) NOT NULL AUTO_INCREMENT,
  `first_id` int(11) NOT NULL,
  `name` varchar(64) NOT NULL,
  `pictureName` varchar(64) DEFAULT NULL,
  `alias` varchar(128) DEFAULT NULL,
  `heat` varchar(128) DEFAULT NULL,
  `description` text,
  PRIMARY KEY (`id`),
  KEY `FK6749F7C54F725818` (`first_id`),
  CONSTRAINT `FK6749F7C54F725818` FOREIGN KEY (`first_id`) REFERENCES `materialone` (`id`),
  CONSTRAINT `materialtwo_ibfk_1` FOREIGN KEY (`first_id`) REFERENCES `materialone` (`id`)
) ENGINE=InnoDB AUTO_INCREMENT=503 DEFAULT CHARSET=utf8;
/*!40101 SET character_set_client = @saved_cs_client */;

--
-- Dumping data for table `materialtwo`
--

LOCK TABLES `materialtwo` WRITE;
/*!40000 ALTER TABLE `materialtwo` DISABLE KEYS */;
INSERT INTO `materialtwo` VALUES (1,1,'猪肉','zhurou','豕肉、彘肉','395大卡（100克）','一般人都可食用 适宜阴虚不足，头晕，贫血，老人燥咳无痰，大便干结，以及营养不良者食用。'),(2,1,'排骨','paigu','排骨、猪排','278大卡（100克可食部分）','一般人都可食用。适宜于气血不足，阴虚纳差者。'),(3,1,'五花肉','wuhuarou','硬五花','568大卡（100克可食部分）','一般人都可食用。'),(4,1,'火腿','huotui','兰熏、熏蹄、南腿','330大卡（100克）','一般人皆可食用:孕妇、儿童、老年人和体弱者少吃或不吃为好；肝肾功能不全者不宜食用。'),(5,1,'里脊','liji','梅肉','155大卡（100克）','一般人都可食用。'),(6,1,'猪蹄','zhuti','猪脚、猪手、猪蹄爪','260大卡（100克可食部分）','一般人都可以吃，更是老人、妇女、失血者的食疗佳品 1.适宜血虚者食用。 2.适宜年老体弱者食用；适宜产后缺奶者食用。 3.适宜腰脚软弱无力者食用。 4.适宜痈疽疮毒久溃不敛者食用。'),(7,1,'猪肚','zhudu','猪胃、猪堵','110大卡（100克可食部分）','1.适宜虚劳瘦弱者食用。 2.适宜脾胃虚弱，食欲不振，泄泻 下痢者食用。 3.适宜中气不足，气虚下陷，男子遗精，女子带下者食用。 4.适宜体虚之人小便颇多者食用。 5.适宜小儿疳积者食用。'),(8,1,'猪肝','zhugan','猪肝','129大卡（100克可食部分）','1.适宜气血虚弱，面色萎黄，缺铁性贫血者可食用； 2.适用于肝血不足所致的视物模糊不清，夜盲，眼干燥症，小儿麻疹病后角膜软化症，内外翳障等眼病者可食用； 3.适宜癌症患者及放疗、化疗后食用；适合贫血的人、常在电脑前工作、爱喝酒的人可食用'),(9,1,'肥肠','feichang','猪肝','196大卡（100克）','一般人都可食用 1.适宜大肠病变，如痔疮、便血、脱肛者食用。 2.适宜小便频多者食用。'),(10,1,'猪腰','zhuyao','猪腰，猪腰子','96大卡（100克可食部分）','一般人群均可食用 1. 适宜肾虚之人腰酸腰痛、遗精、盗汗者食用。 2.适宜老年人肾虚耳聋、耳鸣者食用。'),(11,1,'香肠','xiangchang','腊肠、南肠、灌肠','508大卡（100克）','一般人群均可食用。'),(12,1,'猪骨','zhugu','猪骨','264大卡（100克）','一般人群均可食用。更适宜中老年人、青少年。'),(13,1,'瘦肉','shourou','瘦肉','143大卡（100克）','一般人都可食用。适宜阴虚不足，头晕，贫血，老人燥咳无痰，大便干结，以及营养不良者食用。'),(14,1,'肉馅','rouxian','肉馅','106大卡（100克）','一般人都可食用。'),(15,1,'猪肘','zhuzhou','猪肘','248大卡（100克可食部分）','一般人都可食用。'),(16,1,'肥肉','feirou','肥肉','807大卡（100克）','一般人都可食用'),(17,1,'肥瘦猪肉','feishouzhurou','猪精肉','395大卡（100克）','一般人都可食用'),(18,1,'猪耳朵','zhuerduo','猪耳朵','176大卡（100克）','一般人群均可食用。 适用于气血虚损、身体瘦弱者食用。'),(19,1,'后臀尖','houtunjian','后臀尖','336大卡（100克）','一般人都可食用。 湿热痰滞内蕴者慎服；肥胖、血脂较高者不宜多食。'),(20,1,'猪皮','zhupi','猪皮','363大卡（100克）','一般人群均可食用。尤适宜阴虚之人心烦、咽痛、下利者食用；适宜妇女血枯、月经不调者食用；也适宜血友病人出血者。'),(21,1,'猪心','zhuxin','猪心','119大卡（100克可食部分）','一般人群均可食用。尤适宜心虚多汗，自汗，惊悸恍惚，怔忡，失眠多梦之人；精神分裂症，癫痛，癔病者。'),(22,1,'猪血','zhuxue','液体肉、血豆腐、血花','55大卡（100克）','一般人群均可食用。尤适宜贫血患者、老人、妇女、从事粉尘、纺织、环卫、采掘等工作的人；血虚头风眩晕者、肠道寄生虫病人、腹胀嘈杂者。'),(23,1,'猪肺','zhufei','猪肺','84大卡（100克可食部分）','适宜肺虚久咳、肺结核、肺痿咯血者食用。'),(24,1,'猪蹄筋','zhutijin','猪蹄筋','156大卡（100克）','老少皆宜，尤适宜青少年、中老年人、腰膝酸软、身体瘦弱者食用。'),(25,2,'牛排','niupai','牛排','107大卡（100克可食部分）','一般人群均可食用。 适宜于生长发育、术后、病后调养的人、中气下隐、气短体虚、筋骨酸软、贫血久病及面黄目眩之人食用。'),(26,2,'牛腩','niunan','腹部肉','332大卡（100克）','一般人群均可食用。适宜于生长发育、术后、病后调养的人、中气下隐、气短体虚、筋骨酸软、贫血久病及黄目眩之人食用。'),(27,2,'肥牛','feiniu','肥牛','125大卡（100克）','一般人群均可食用。适宜于生长发育、术后、病后调养的人、中气下隐、气短体虚、筋骨酸软、贫血久病及黄目眩之人食用；'),(28,2,'百叶','baiye','百叶、肚尖、牛胃','72大卡（100克）','一般人都可食用，尤适宜于病后虚羸、气血不足、营养不良、脾胃薄弱之人。'),(29,2,'牛蹄筋','niutijin','牛蹄筋','151大卡（100克）','一般人群均可食用。适宜于虚劳羸瘦、腰膝酸软、产后虚冷、腹痛寒疝、中虚反胃的人食用；'),(30,2,'牛肚','niudu','百叶、肚尖、牛胃','72大卡（100克）','一般人都可食用，尤适宜于病后虚羸、气血不足、营养不良、脾胃薄弱之人。'),(31,2,'牛里脊','niuliji','牛里脊','107大卡（100克）','一般人群均可食用。适宜于生长发育、术后、病后调养的人、中气下隐、气短体虚、筋骨酸软、贫血久病及黄目眩之人食用。'),(32,2,'牛尾','niuwei','Oxtail','148大卡（100克）','一般人群均可食用。'),(33,2,'牛心','niuxin','牛心','106大卡（100克）','母婴，儿童青少年，老人，职业人群，更年期妇女，久病体虚人群。'),(34,3,'羊肉','yangrou','羊肉','118大卡（100克可食部分）','一般人群均可食用。适宜体虚胃寒者。'),(35,3,'羊排','yangpai','羊排','203大卡（100克）','一般人群均可食用。 适宜体虚胃寒者'),(36,3,'羊后腿','yanghoutui','羊后腿','110大卡（100克可食部分）','一般人群均可食用。 适宜体虚胃寒者。'),(37,3,'羊里脊','yangliji','羊里脊','103大卡（100克）','一般人群均可食用。适宜体虚胃寒者。'),(38,3,'羊肝','yanggan','yanggan','134大卡（100克）','一般人群均可食用。适宜患有夜盲症(雀目)，眼干燥症，青盲翳障，小儿疳眼，目暗昏花，或热病后弱视之人食用；适宜血虚患者，面色萎黄，妇人产后贫血，肺结核，小儿衰弱，以及维生素A缺乏症者食用。'),(39,3,'羊蝎子','yangxiezi','羊蝎子','172大卡（100克）','一般人群均可食用。 适宜体虚胃寒者。'),(40,3,'羊腰','yangyao','羊腰','96大卡（100克可食部分）','一般人都可食用，尤适用于肾虚阳痿者食用。'),(41,3,'羊肚','yangdu','羊肚','87大卡（100克）','一般人群均可食用，尤适宜体质赢瘦，虚劳衰弱之人食用。'),(42,3,'羊骨','yanggu','羊骨','200大卡（100克）','羊骨营养丰富，是大补之物。适宜虚劳赢瘦、腰膝无力、筋骨挛痛、贫血者食用。'),(43,3,'羊腿','yangtui','羊腿','100大卡（100克）','一般人群均可食用。适宜体虚胃寒者。'),(44,4,'鸡肉','jirou','家鸡肉、母鸡肉、公鸡肉','167大卡（100克可食部分）','一般人群均可食用。老人、病人、体弱者更宜食用。'),(45,4,'鸡胸','jixiong','鸡胸','133大卡（100克）','一般人群均可食用。老人，病人，体弱者更宜食用。'),(46,4,'鸡腿','jitui','鸡腿','181大卡（100克可食部分）','一般人都可食用。老人，病人，体弱者，贫血患者更宜食用'),(47,4,'鸡翅','jichi','鸡翼、大转弯','194大卡（100克可食部分）','一般人群均可食用。 尤其适合老年人和儿童、感冒发热、内火偏旺、痰湿偏重之人。'),(48,4,'鸡爪','jizhua','鸡掌、凤爪、凤足','254大卡（100克可食部分）','一般人皆可食用。'),(49,4,'鸡胗','jizhen','鸡胗、鸡胃','118大卡（100克）','一般人群均可食用。'),(50,4,'火鸡','huoji','火鸡','103大卡（100克）','一般人群均可食用。预防高血压、高血脂的人、心脑血管病患者、老人尤为适合。'),(51,4,'鸡心','jixin','鸡心','172大卡（100克）','一般人群均可食用鸡肉，尤其适合需要补身体的人群。'),(52,4,'鸡肝','jigan','鸡肝','121大卡（100克）','一般人都可食用。尤适宜贫血者和常在电脑前工作的人。'),(53,4,'仔鸡','zaiji','仔鸡','64大卡（100克）','一般人群均可食用。 老人、病人、体弱者更宜食用。'),(54,4,'乌鸡','wuji','药鸡、武山鸡、羊毛鸡、绒毛鸡、松毛鸡、黑脚鸡、竹丝鸡','111大卡（100克可食部分）','一般人群均可食用。尤适宜体虚血亏、肝肾不足、脾胃不健的人。'),(55,5,'鸭肉','yarou','鹜肉、家凫肉','240大卡（100克可食部分）','一般人群均可食用。营养不良、产后病后体虚、盗汗、遗精、妇女月经少、咽干口渴者，癌症患者及放疗化疗后，糖尿病，肝硬化腹水，肺结核，慢性肾炎浮肿者宜食鸭肉。体内有热、上火、发低热、食欲不振、大便干燥和水肿者食用鸭肉更佳。'),(56,5,'鸭腿','yatui','鸭腿','240大卡（100克）','适用于体内有热、上火的人食用；发低热、体质虚弱、食欲不振、大便干燥和水肿的人，食之更佳。同时适宜营养不良，产后病后体虚、盗汗、遗精、妇女月经少、咽干口渴者食用；还适宜癌症患者及放疗化疗后，糖尿病，肝硬化腹水，肺结核，慢性肾炎浮肿者食用；'),(57,5,'鸭血','yaxue','鸭血','55大卡（100克）','一般人都均可食用。贫血患者、老人、妇女和从事粉尘、纺织、环卫、采掘等工作的人尤其应该常吃。'),(58,5,'鸭翅','yachi','鸭翅','146大卡（100克可食部分）','一般人群食用鸡翅，老人和儿童尤其适合，感冒发热，痰湿者均可适量食用鸡翅。'),(59,5,'鸭胗','yazhen','鸭肾','92大卡（100克可食部分）','一般人群均可食用。尤其适合贫血病患者、食用上腹饱胀、消化不良者。'),(60,5,'鸭肝','yagan','鸭肝','128大卡（100克）','一般人群均可食用。贫血者和常在电脑前工作的人尤为适合'),(61,5,'鸭脖','yabo','鸭脖','240大卡（100克）','一般人群均可食用。'),(62,5,'鸭肠','yachang','鸭肠','129大卡（100克可食部分）','一般人群均可食用'),(63,5,'鸭掌','yazhang','鸭掌','150大卡（100克可食部分）','一般人群均可食用'),(64,5,'鸭心','yaxin','鸭心','143大卡（100克）','一般人群均可食用'),(65,6,'鹅肉','erou','鹅肉','251大卡（100克）','适宜身体虚弱、气血不足、营养不良之人食用，也适宜于天气寒冷时食用。'),(66,6,'鹅肝','egan','鹅肝','129大卡（100克）','一般人都可食用。贫血者和常在电脑前工作的人尤为适合。'),(67,6,'牛蛙','niuwa','喧蛙、食用蛙','81大卡（100克可食部分）','一般人皆可食用。胃弱或胃酸过多的患者最宜吃蛙肉。'),(68,6,'兔肉','turou','兔子、兔子肉','102大卡（100克）','：一般人群均可食用。适宜老人、妇女，也是肥胖者和肝病、心血管病、糖尿病患者的理想肉食。'),(69,6,'驴肉','lvrou','漠骊肉、毛驴肉','116大卡（100克）','一般人均可食用驴肉。风眩肢挛，积年劳损，短气乏力，倦怠羸瘦，食欲不振，心悸眼差，久病之后的气血亏虚，阴血不足，不寐多梦、宫能性子宫出血和出血性紫癜者更宜'),(70,6,'田鸡','tianji','青蛙 蛙鱼 青鸡 坐鱼 长股 蛤鱼','93大卡（100克可食部分）','一般人均宜，蛋白血症，精力不足，产生缺乳，肝硬化腹水和神经衰弱者、水肿、神经衰弱者尤宜。'),(71,7,'培根','peigen','培根','549大卡（100克）','一般人均可食用。'),(72,7,'腊肉','larou','腊肉','692大卡（100克）','一般人均可食用。'),(73,7,'肉松','rousong','肉松','692大卡（100克）','一般人均可食用。'),(74,7,'咸肉','xianrou','盐肉、腌肉','390大卡（100克）','一般人均可食用。'),(75,7,'午餐肉','wucanrou','午餐肉','229大卡（100克）','一般人均可食用。'),(76,7,'叉烧肉','chashaorou','叉烧肉','229大卡（100克）','一般人均可食用。'),(77,7,'熏肉','xunrou','熏肉','186大卡（100克）','一般人均可食用。'),(78,8,'苹果','pingguo','滔婆、柰、柰子、频婆、平波、超丸子、天然子','52大卡（100克可食部分）','一般人群均可食用苹果。慢性胃炎、消化不良、气滞不通者，便秘、慢性腹泻、神经性结肠炎，高血压、膏血脂和肥胖患者，癌症患者、贫血和维生素缺乏者尤其。'),(79,8,'香蕉','xiangjiao','蕉子、蕉果、甘蕉','91大卡（100克可食部分）','一般人群均可食用香蕉。尤其适合口干烦躁、咽干喉痛者，大便干燥、痔疮、大便带血者，上消化道溃疡者，饮酒过量而宿醉未解者，高血压、冠心病、动脉硬化者。'),(80,8,'梨','li','快果、玉乳、果宗、蜜父、雪梨、香水梨、青梨','44大卡（100克可食部分）','一般人群均可食用。尤适宜咳嗽痰稠或无痰、咽喉发痒干疼者，慢性支气管炎、肺结核患者，高血压、心脏病、肝炎、肝硬化患者，饮酒后或宿醉未醒者。'),(81,8,'芒果','mangguo','庵罗果、檬果、蜜望子、香盖','32大卡（100克可食部分）','一般人群均能食用。'),(82,8,'菠萝','boluo','番梨、露兜子、凤梨','41大卡（100克可食部分）','一般人群均可食用菠萝。特别适宜身热烦躁者、肾炎、高血压、支气管炎、消化不良者。'),(83,8,'草莓','caomei','大草莓、士多啤梨、红莓、地莓','30大卡（100克可食部分）','一般人群均可食用草莓。草莓尤其适合风热咳嗽、咽喉肿痛者。此外，癌症，特别是鼻咽癌、肺癌、扁桃体癌、喉癌患者尤其适合食用草莓。'),(84,8,'杏','xing','杏果、甜梅、叭达杏、杏实、杏子','36大卡（100克可食部分）','一般人群均可食用。尤适宜有呼吸系统疾病、癌症、术后放化疗者'),(85,8,'猕猴桃','mihoutao','毛桃、藤梨、苌楚、羊桃、毛梨、连楚、奇异果','56大卡（100克可食部分）','一般人群均可食用猕猴桃。情绪低落，常吃烧烤者，经常便秘者适合吃猕猴桃；癌症患者、高血压患者、冠心病患者、心血管疾病患者、食欲不振、消化不良者、航空、高原、矿井等特种工作人员尤其适合。'),(86,8,'柚子','youzi','文旦、香抛、霜柚、臭橙','41大卡（100克可食部分）','一般人群均可食用。患胃病、消化不良者，慢性支气管炎、咳嗽、痰多气喘者，心脑肾病患者尤其适合。'),(87,8,'西瓜','xigua','寒瓜、天生白虎汤、夏瓜、水瓜','25大卡（100克可食部分）','一般人群均可食用。适宜高血压患者、急慢性肾炎患者、胆囊炎患者、高热不退者食用'),(88,8,'木瓜','mugua','乳瓜、木梨、文冠果','27大卡（100克可食部分）','一般人群均可食用木瓜。适宜慢性萎缩性胃炎患者、缺奶的产妇、风湿筋骨痛、跌打扭挫伤患者、消化不良、肥胖患者。'),(89,8,'火龙果','huolongguo','仙蜜果、红龙果','51大卡（100克可食部分）','一般人群均可食用。'),(90,8,'荔枝','lizhi','丹荔、丽枝、香果、勒荔、离支','70大卡（100克可食部分）','一般人群均可食用。1. 尤其适合产妇、老人、体质虚弱者、病后调养者食用；贫血、胃寒和口臭者也很适合。'),(91,8,'山楂','shanzha','红果、棠棣、绿梨、北山楂','95大卡（100克）','一般人均可食用山楂。适宜消化不良者、心血管疾病患者、癌症患者、肠炎患者。'),(92,8,'樱桃','yingtao','莺桃、含桃、荆桃、朱樱、朱果、樱珠','46大卡（100克可食部分）','一般人群均可食用。消化不良者、瘫痪、风湿腰腿痛者、体质虚弱、面色无华者适宜食用'),(93,8,'柿子','shizi','米果、猴枣、镇头迦','71大卡（100克）','一般人群均可食用'),(94,8,'石榴','shiliu','安石榴、金罂、金庞、钟石榴、天浆、甘石榴、丹若','63大卡（100克可食部分）','一般人群均可食用。适宜口干舌燥者、腹泻者、扁桃体发炎者'),(95,8,'柠檬','ningmeng','柠果、黎檬、洋柠檬、益母果','35大卡（100克可食部分）','一般人群均可食用。暑热口干烦躁、消化不良者，维生素C缺乏者，胎动不安的孕妇，肾结石患者，高血压、心肌梗死患者适宜食用。'),(96,8,'枣','zao','红枣、大枣、枣子','264大卡（100克可食部分）','一般人群均可食用。尤适宜心血管疾病、癌症患者。适合骨质疏松，青少年和女性，病后体虚，高血压者服用。'),(97,8,'橙子','chengzi','橙子、金球、香橙、黄橙','47大卡（100克可食部分）','一般人群均可食用。尤适宜胸膈满闷、恶心欲吐者，饮酒过多、宿醉未醒者。'),(98,8,'桔子','juzi','橘柑、柑橘、桔柑子','43大卡（100克可食部分）','一般人群均可食用，风寒咳嗽。'),(99,8,'杨梅','yangmei','龙睛、朱红、水杨梅、白蒂梅、树梅','28大卡（100克可食部分）','一般人群均可食用。尤适宜湿热、阴虚体质、痢疾腹痛，下痢不止者。'),(100,8,'无花果','wuhuaguo','天生子、文仙果、蜜果、奶浆果、隐花果、映日果','59大卡（100克）','一般人群均可食用。消化不良者、食欲不振者、高血脂患者、高血压患者、冠心病患者、动脉硬化患者、癌症患者、便秘者适宜食用。'),(101,8,'桂圆','guiyuan','龙眼、益智、骊珠、元肉','71大卡（100克可食部分）','一般人群均可食用。适宜体质虚弱的老年人、记忆力低下者、头晕失眠者、妇女食用。'),(102,8,'黄桃','huangtao','黄桃','48大卡（100克可食部分）','一般人群均可食用。尤其适合老年体虚、肠燥便秘者、身体瘦弱、阳虚肾亏者食用。'),(103,8,'桃','tao','桃实、桃子','48大卡（100克可食部分）','一般人群均可食用。尤其适合老年体虚、肠燥便秘者、身体瘦弱、阳虚肾亏者食用。'),(104,8,'榴莲','liulian','榴莲','147大卡（100克可食部分）','一般人均可食用榴莲。尤适宜病后及妇女产后。'),(105,8,'金桔','jinju','金柑、夏橘、金枣、寿星柑、给客橙、金蛋、罗浮','55大卡（100克可食部分）','一般人群均可食用。胸闷郁结、不思饮食者或伤食饱满、醉酒口渴者，急慢性气管炎、肝炎、胆囊炎、高血压、血管硬化者更加适合食用。'),(106,8,'李子','lizi','麦李、脆李、金沙李、嘉庆子、李实、嘉应子','36大卡（100克可食部分）','一般人群均能食用。发热、口渴、虚痨骨蒸、肝病腹水者，教师、演员音哑或失音者，慢性肝炎、肝硬化者尤益食用。'),(107,8,'黑枣','heizao','黑枣','228大卡（100克可食部分）','一般人群均可食用，中老年人、青少年、女性尤宜食用。'),(108,8,'椰子','yezi','胥椰、胥余、越子头、椰僳、胥耶、越王头、椰糅','231大卡（100克可食部分）','一般人群均可食用。尤适宜身体虚弱、四肢乏力、容易倦怠者。'),(109,8,'甘蔗','ganzhe','竹蔗','64大卡（100克）','一般人群均可食用。'),(110,8,'百香果','baixiangguo','巴西果passionfruit','97大卡（100克）','一般人群均可食用。'),(111,8,'酸枣','suanzao','山枣、野枣、五眼果','278大卡（100克可食部分）','一般人群均可食用，心脏病患者尤其适合食用。'),(112,8,'哈密瓜','hamigua','哈密瓜','34大卡（100克可食部分）','一般人群均可食用。特别适宜于肾病、胃病、咳嗽痰喘、贫血和便秘患者。'),(113,8,'桑葚','sangshen','桑葚、桑实、桑果、桑枣、乌椹','49大卡（100克）','一般人群均可食用，尤其适合肝肾阴血不足者，少年发白者，病后体虚、体弱、习惯性便秘者。'),(114,8,'香瓜','xianggua','甜瓜、甘瓜','26大卡（100克）','一般人群均可食用，夏季烦热口渴者、口鼻生疮者、中暑者尤其适合食用。'),(115,8,'杨桃','yangtao','五棱子、五敛、羊桃、阳桃、三棱子、风鼓、鬼桃','29大卡（100克可食部分）','一般人群均可食用，风热咳嗽、咽喉疼痛者，小便热涩者，泌尿系统结石患者，患有心血管疾病或肥胖的人尤其适合食用'),(116,8,'蓝莓','lanmei','蓝莓','57大卡（100克）','一般人群均可食用。'),(117,8,'蔓越莓','manyuemei','蔓越橘、小红莓、Cranberries、Cranberry、raw','46大卡（100克）','一般人群均可食用。'),(118,8,'牛油果','niuyouguo','鳄梨、avocado','160大卡（100克）','一般人群均可食用。'),(119,8,'西梅','ximei','西梅','239大卡（100克可食部分）','一般人群均可食用。'),(120,9,'槐花','huaihua','金药树、护房树、豆槐、槐米、槐蕊','78大卡（100克）','一般人人群均可食用'),(121,9,'桂花','guihua','桂花','100大卡（100克）','一般人群均可食用。尤适宜口臭者、牙痛者、慢性支气管炎患者'),(122,9,'洛神花','luoshenhua','洛神花','100大卡（100克）','一般人群均可食用'),(123,9,'牡丹花','mudanhua','牡丹花','100大卡（100克）','适宜妇女月经不调，经行腹痛，闭经诸病症'),(124,9,'芍药花','shaoyaohua','芍药花','100大卡（100克）','一般人群均可食用'),(125,9,'金银花','jinyinhua','金银花','5大卡（100克）','一般人群均可食用'),(126,10,'花生','huasheng','落花参、番豆、长生果、落地松、地果、番果、地豆、唐人豆','298大卡（100克可食部分）','一般人均可食用。适宜营养不良，食欲不振，咳嗽痰啃之人食用；适宜脚气病患者食用；适宜妇女产后乳汁缺少者食用；适宜高血压病，高脂血症，冠心病，动脉硬化，以及各种出血性疾病之人食用；适宜儿童、青少年及老年人食用，能提高儿童记忆力，有助于老人滋补保健。'),(127,10,'芝麻','zhima','芝麻','531大卡（100克）','一般人群均可食用。适宜肝肾不足所致的眩晕、眼花、视物不清、腰酸腿软、耳鸣耳聋、发枯发落、头发早白之人食用；适宜妇女产后乳汁缺乏者食用；适宜身体虚弱、贫血、高脂血症、高血压病、老年哮喘、肺结核，以及荨麻疹，习惯性便秘者食用；适宜糖尿病、血小板减少性紫瘴、慢性神经炎、末梢神经麻痹、痔疮以及出血性素质者食用'),(128,10,'核桃','hetao','核桃仁、山核桃、胡桃仁、羌桃、黑桃、胡桃肉、万岁子、长寿果','627大卡（100克可食部分）','一般人群均可食用。肾虚、肺虚、神经衰弱、气血不足、癌症患者多食；尤其适合脑力劳动者和青少年。'),(129,10,'杏仁','xingren','南杏仁','562大卡（100克）','一般人群均可食用。有呼吸系统问题的人更适合；癌症患者以及术后放化疗的人适宜食用。'),(130,10,'莲子','lianzi','莲宝、莲米、藕实、水芝、丹泽芝、莲蓬子、水笠子','344大卡（100克）','一般人群均可食用。尤适宜中老年人、体虚、失眠、食欲不振及癌症病人。莲子适宜体质虚弱，心慌，失眠多梦，遗精者或脾气虚，慢性腹泻之人或癌症病人及放疗化疗后以及妇女脾肾亏虚的白带过多之人食用。'),(131,10,'腰果','yaoguo','鸡腰果、介寿果','552大卡（100克）','一般人群均可食用。'),(132,10,'松子','songzi','松子','640大卡（100克可食部分）','一般人均可食用松子(熟)。松子(熟)尤其适合儿童、女性和老年人。适宜中老年体质虚弱，大便干结，以及慢性支气管炎久咳无痰之人食用；适宜心脑血管疾病之人食用。'),(133,10,'栗子','lizi_1','板栗、大栗、栗果、毛栗、棋子、栗楔','185大卡（100克可食部分）','一般人均适宜食用板栗。饮食少、身体瘦弱的儿童适宜将板栗仁蒸熟、磨粉，制成糕饼。脾胃虚寒所致的慢性腹泻患者可以用板栗和粳米熬粥。老人肾虚者、中老年人腰酸腰痛，腿脚无力，小便频多者尤宜;也适宜气管炎咳喘、内寒泄泻者均适宜食用板栗。'),(134,10,'枸杞','gouqi','甘杞、贡杞、枸杞子、红耳坠、苟起子、枸杞红实、西枸杞、狗奶子、血枸子、枸杞豆、血杞子','258大卡（100克可食部分）','一般人群均可食用。适宜肝肾阴虚、癌症、高血压、高血脂、动脉硬化、慢性肝炎、脂肪肝患者食用；用眼过度者、老人更加适合。'),(135,10,'榛子','zhenzi','榛子','617大卡（100克可食部分）','一般人皆可食用。也是癌症、糖尿病人适合食用的坚果补品。'),(136,10,'白果','baiguo','银杏','355大卡（100克可食部分）','一般人群均可食用。尤适宜肺结核咳嗽、老人虚弱哮喘者；妇女体虚白带多，中老年人遗精白浊，小便频数，小儿遗尿者。'),(137,10,'瓜子仁','guaziren','瓜子仁','606大卡（100克可食部分）','一般人群均可食用。炒后性温燥，多食易引起口干、口疮、牙痛等“上火”症状。'),(138,10,'开心果','kaixinguo','开心果','614大卡（100克可食部分）','一般人群均可食用。'),(139,10,'山楂干','shanzhagan','山楂干','255大卡（100克）','一般人群均可食用。适宜消化不良者、心血管疾病患者、癌症患者、肠炎患者。'),(140,10,'夏威夷果','xiaweiyiguo','夏威夷果','736大卡（100克）','一般人群均可食用。'),(141,10,'干枣','ganzao','干枣','298大卡（100克可食部分）','一般人群均可食用。尤适宜心血管疾病、癌症患者。适合骨质疏松，青少年和女性，病后体虚，高血压者服用。'),(142,10,'桃脯','taofu','桃脯','310大卡（100克）','310大卡（100克）'),(143,11,'土豆','tudou','土豆、洋芋、地蛋、山药蛋、洋番薯','77大卡（100克可食部分）','一般人均可食用。脾胃气虚者、癌症、高血压、动脉硬化患者适宜。想减肥的人尤其应该吃'),(144,11,'胡萝卜','huluobo','胡萝菔、黄萝卜、金笋、丁香萝卜、红芦菔、甘笋、黄根、卜香菜、药萝卜、赤珊瑚','25大卡（100克可食部分）','一般人群均可食用。更适宜癌症、高血压、夜盲症、干眼症患者、营养不良、食欲不振者、皮肤粗糙者。'),(145,11,'白萝卜','bailuobo','莱菔、荠根、萝欠、芦菔、萝白、紫菘、秦菘、萝臼、紫花菜、菜头','21大卡（100克可食部分）','一般人都可食用白萝卜，慢性及气管炎、皮肤干燥者、糖尿病患者适宜吃白萝卜。'),(146,11,'百合','baihe','百合','162大卡（100克可食部分）','一般人群均可食用百合，体质虚弱、心慌、失眠多梦、遗精、肺阴不足盗汗适宜。'),(147,11,'冬笋','dongsun','冬笋','40大卡（100克可食部分）','一般人均可食用，冬笋对于肥胖症、冠心病、高血压、糖尿病和动脉硬化等患者有一定的食疗作用。'),(148,11,'春笋','chunsun','春笋','20大卡（100克可食部分）','一般人群均可食用，春笋有助于预防便秘，降低血脂，适宜减肥者食用。'),(149,11,'洋葱','yangcong','洋葱头、玉葱、葱头、圆葱、球葱、葱头','39大卡（100克可食部分）','一般人均可食用。特别适宜高血压、高血脂、动脉硬化等心血管疾病、糖尿病、癌症、急慢性肠炎、痢疾患者以及消化不良者。'),(150,11,'莴笋','wosun','莴苣、春菜、生笋、千金菜、茎用莴苣、青笋、莴菜、香马笋','14大卡（100克可食部分）','一般人群均可食用。 1. 老人儿童更适合； 2. 莴笋中的某种物质对视神经有刺激作用，古书记载莴苣多食使人目糊，停食数天，则能自行恢复，故视力弱者不宜多食，有眼疾特别是夜盲症的人也应少食；莴苣性寒，产后妇人慎食。'),(151,11,'藕','ou','连菜、藕、菡萏、芙蕖','70大卡（100克可食部分）','一般人群均可食用。老幼妇孺、体弱多病者尤宜，特别适宜高热病人、吐血者、高血压、肝病、食欲不振、缺铁性贫血、营养不良者多食用'),(152,11,'茭白','jiaobai','茭粑、茭儿菜、篙芭、茭笋、菰笋、茭瓜、茭芦、茭耳菜、绿节','23大卡（100克可食部分）','一般人群均可食用。更适宜高血压病人、黄胆肝炎患者、产后乳汁缺少的妇女、饮酒过量、酒精中毒的患者。'),(153,11,'红薯','hongshu','山芋、白薯、地瓜、番薯、红苕、沙葛、豆薯、凉薯、红山药、红薯、金薯、土瓜','102大卡（100克可食部分）','一般人群均可食用红薯。一次不宜食用过多，以免发生烧心、吐酸水、肚胀排气等不适'),(154,11,'紫薯','zishu','紫薯','82大卡（100克）','一般人群均可食用紫薯'),(155,11,'荸荠','boji','马蹄、地栗','59大卡（100克可食部分）','儿童和发热病人最宜食用荸荠。全身水肿，小便不利或小便短少时也宜食用荸荠。荸荠还适宜癌症患者(主要是肺癌和食道癌)食用。宿醒未解或湿热黄疸者食用荸荠可减轻症状。发热口溽、慢性气管炎咳嗽多痰、咽干喉痛、消化不良之人食用荸荠可润喉清嗓'),(156,11,'山药','shanyao','薯蓣、山芋、诸薯、延草、薯药、大薯','56大卡（100克可食部分）','一般人群均可食用。适宜糖尿病患者、腹胀、病后虚弱者、慢性肾炎患者、长期腹泻者；'),(157,11,'芋头','yutou','芋头','500大卡（100克）','一般人群均可食用芋头；芋头特别适合身体虚弱者食用。'),(158,11,'黄瓜','huanggua','胡瓜、王瓜、刺瓜','15大卡（100克可食部分）','一般人群均可食用。适宜热病患者、肥胖、高血压、高血脂、水肿、癌症、嗜酒者多食；并且是糖尿病人首选的食品之一。'),(159,11,'南瓜','nangua','麦瓜、番瓜、倭瓜、金瓜、伏瓜、饭瓜、窝瓜、中国南瓜','22大卡（100克可食部分）','一般人群均可食用。特别适宜肥胖、老年便秘者食用。'),(160,11,'冬瓜','donggua','冬瓜','71大卡（100克）','夏天气候炎热，心烦气躁，闷热不舒服时宜食；热病口干烦渴，小便不利者宜食。'),(161,11,'苦瓜','kugua','凉瓜、癞瓜、锦荔枝、癞葡萄','19大卡（100克可食部分）','一般人均可食用苦瓜，糖尿病、癌症、痱子患者适宜。'),(162,11,'丝瓜','sigua','天丝瓜、天罗、蜜瓜、布瓜、天吊瓜、纯阳瓜、倒阳菜、水瓜、絮瓜、缣瓜、蛮瓜、绵瓜','20大卡（100克可食部分）','一般人群均可食用。月经不调者，身体疲乏、痰喘咳嗽、产后乳汁不通的妇女适宜多吃丝瓜。'),(163,11,'辣椒','lajiao','辣椒、辣子、红辣椒','32大卡（100克可食部分）','一般人群均可食用。'),(164,11,'青椒','qingjiao','青柿子椒、菜椒、翠椒、海椒','22大卡（100克可食部分）','一般人群均可食用。'),(165,11,'红椒','hongjiao','红椒','19大卡（100克可食部分）','一般人群均可食用。'),(166,11,'茄子','qiezi','落苏、茄瓜','21大卡（100克可食部分）','一般人群均可食用茄子，特别适合心血管疾病。可清热解暑，对于容易长痱子、生疮疖的人，尤为适宜。'),(167,11,'白菜','baicai','白菜','18大卡（100克）','一般人群均可食用。尤为适宜患慢性习惯性便秘、伤风感冒、肺热咳嗽、喉发炎、腹胀及发热者。'),(168,11,'油菜','youcai','芸薹、胡菜、薹菜','23大卡（100克可食部分）','一般人均可食用。特别适宜患口腔溃疡、口角湿白、齿龈出血、牙齿松动、淤血腹痛、癌症患者。'),(169,11,'韭菜','jiucai','壮阳草、赶阳草、长生草、起阳草','26大卡（100克可食部分）','一般人群均能食用。适宜便秘、产后乳汁不足女性、寒性体质等人'),(170,11,'菠菜','bocai','菠棱菜、赤根菜、波斯草、鹦鹉菜、鼠根菜、角菜','24大卡（100克可食部分）','一般人群均可食用。菠菜烹熟后软滑易消化，特别适合老、幼、病、弱者食用。电脑工作者、爱美的人也应常食菠菜；糖尿病人(尤其Ⅱ型糖尿病人)经常吃些菠菜有利于血糖保持稳定；同时菠菜还适宜高血压、便秘、贫血、坏血病患者、皮肤粗糙者、过敏者。'),(171,11,'芹菜','qincai','旱芹、样芹菜、药芹、香芹、蒲芹','14大卡（100克可食部分）','一般人群均可食用。 特别适合高血压、动脉硬化、高血糖、缺铁性贫血、经期妇女食用。'),(172,11,'圆白菜','yuanbaicai','卷心菜、包心菜、洋白菜、包菜、莲花白、疙瘩白、大头菜、高丽菜、结球甘蓝、蓝菜、西土蓝','12大卡（100克可食部分）','一般人群均可食用。 特别适合动脉硬化、胆结石症患者、肥胖患者、孕妇及有消化道溃疡食用；'),(173,11,'小白菜','xiaobaicai','青菜、油白菜、白菜秧','15大卡（100克可食部分）','一般人群均可食用。尤其适宜于肺热咳嗽、便秘、丹毒、漆疮、疮疖等患者及缺钙者食用'),(174,11,'娃娃菜','wawacai','娃娃菜','8大卡（100克可食部分）','肠炎患者忌食'),(175,11,'生菜','shengcai','油麦菜','15大卡（100克可食部分）','一般人群均可食用。尤适宜失眠、胆固醇高、神经衰弱的人'),(176,11,'茼蒿','tonghao','蒿子杆、蓬蒿菜、蒿菜、菊花菜、茼笋、茼莴菜、春菊、打妻菜、艾菜、花冠菊','21大卡（100克可食部分）','一般人群均可食用。尤适宜高血压患者、脑力劳动人士、贫血者、骨折患者。'),(177,11,'芦笋','lusun','露笋、石刁柏、芦尖、龙须菜','19大卡（100克可食部分）','一般人群均可食用。'),(178,11,'蕨菜','juecai','龙头菜、如意菜、拳菜、商山芝、如意菜、乌糯','39大卡（100克）','一般人群均可食用，尤适宜湿疹肠风热毒者。'),(179,11,'豆苗','doumiao','寒豆苗、豆苗','34大卡（100克可食部分）','一般人群均可食用。适宜暑热消渴者，患有疮疥之人士食用，亦裨益于患有高血压、糖尿病、心脏病者亦有裨益。'),(180,11,'紫甘蓝','ziganlan','紫甘蓝','19大卡（100克可食部分）','一般人群均可食用。'),(181,11,'芥蓝','jielan','甘蓝菜、盖蓝菜','19大卡（100克可食部分）','一般人群均可食用。特别适合食欲不振、便秘、高胆固醇患者。'),(182,11,'荠菜','jicai','护生草、芊菜、净肠草、地米菜、香菜、地菜、鸡心菜、菱角菜、鸡脚菜、蓟菜、菱角菜','27大卡（100克可食部分）','一般人群均可食用。特别适合痢疾、水肿、淋病、乳糜尿、吐血、便血、血崩、月经过多、目赤肿痛等患者。'),(183,11,'香椿','xiangchun','香椿芽、香椿头、香椿尖、椿叶、春尖头','47大卡（100克可食部分）','一般人群均可食用。辅助治疗肠炎、痢疾、泌尿系统感染的良药。'),(184,11,'韭黄','jiuhuang','韭芽','22大卡（100克可食部分）','一般人群均能食用。 1、健胃、提神、保暖的功效。 2、对妇女产后调养和生理不适，均有舒缓的作用。'),(185,11,'牛蒡','niubang','牛菜、大力子、牛子、蝙蝠刺、东洋萝卜、东洋参、牛鞭菜','72大卡（100克）','一般人均群可食用。'),(186,11,'橄榄菜','ganlancai','橄榄菜','358大卡（100克）','一般人群均可食用。'),(187,11,'竹笋','zhusun','笋、毛笋、竹芽、竹萌','19大卡（100克可食部分）','一般人群均可食用。 肥胖和习惯性便秘的人尤为适合。'),(188,11,'青菜','qingcai','青菜、油白菜、白菜秧','15大卡（100克可食部分）','一般人群均可食用。尤其适宜于肺热咳嗽、便秘、丹毒、漆疮、疮疖等患者及缺钙者食用。'),(189,11,'香菜','xiangcai','香茹、香草、香戎、石香薷、香茸、蜜蜂草','31大卡（100克可食部分）','一般人群均可食用。患风寒外感者、脱肛及食欲不振者，小儿出麻疹者尤其适合。'),(190,11,'青蒜','qingsuan','青蒜','30大卡（100克可食部分）','一般人群均可食用。不可过量食用，否则可能造成肝功能障碍，还会影响视力。'),(191,11,'西芹','xiqin','西洋芹菜、美芹','12大卡（100克可食部分）','一般人群均可食用，脾胃虚寒、肠滑不固者、血压偏低者、婚育期男士应少吃芹菜。'),(192,11,'菜花','caihua','花菜、花椰菜、椰花菜、花甘蓝、洋花菜、球花甘蓝','24大卡（100克可食部分）','一般人群均可食用，没有特殊禁忌。 适宜生长发育期的儿童、生活在污染环境中肝脏易遭到毒害的以及一切希望抵制癌瘤染身的人们食用；对食欲不振、消化不良、大便干结者都有帮助。'),(193,11,'黄花菜','huanghuacai','黄花菜','199大卡（100克）','一般人群均可食用。尤适宜孕妇、中老年人、过度劳累者。'),(194,11,'空心菜','kongxincai','空心菜、藤藤菜、蕹菜、蓊菜、通心菜、无心菜、瓮菜、空筒菜、竹叶菜','20大卡（100克可食部分）','一般人群均可食用，便血、血尿、鼻衄、糖尿病、高胆固醇、高血脂患者可多食空心菜。'),(195,11,'紫苏','zisu','紫苏','174大卡（100克）','一般人群均可食用。'),(196,11,'苦菊','kuju','苦菜、天精菜','29大卡（100克）','一般人群均可食用。'),(197,11,'西葫芦','xihulu','搅瓜、白南瓜','18大卡（100克可食部分）','一般人群皆可食用西葫芦。糖尿病、肝病、肾病患者宜食；肺病患者宜吃白糖西葫芦。'),(198,11,'圣女果','shengnvguo','葡萄番茄、小西红柿、圣女果','22大卡（100克可食部分）','一般人群均可食用。尤其适宜婴幼儿、孕产妇、老人、病人、高血压、肾脏病、心脏病、肝炎、眼底疾病等患者食用。经常发生牙龈出血或皮下出血的患者，吃圣女果有助于改善症状。'),(199,11,'柿子椒','shizijiao','柿子椒','22大卡（100克可食部分）','一般人群均可食用。'),(200,11,'瓠瓜','hugua','瓠瓜','15大卡（100克）','一般人群均可食用，尤适宜免疫力低下、高血糖、癌症患者多食。'),(201,11,'油豆角','youdoujiao','油豆角','22大卡（100克可食部分）','一般人群均可食用。'),(202,11,'白豆','baidou','饭豇豆、米豆、饭豆、甘豆、白豆','320大卡（100克）','适宜肾虚者、腹泻者、小便频繁者、男子遗精、女子带下病者； 尤其是糖尿病、肾虚患者更佳； 白豆多食则性滞，故气滞便结者应慎食白豆。 需减肥者慎食。'),(203,11,'刀豆','daodou','大刀豆、关刀豆、洋刀豆','36大卡（100克可食部分）','一般人群均可食用，尤适于肾虚腰痛、气滞呃逆、风温腰痛、小儿疝气等症患者食用。'),(204,11,'茄瓜','qiegua','茄瓜','80大卡（100克）','一般人群均可食用。'),(205,11,'葫芦','hulu','长瓠、扁蒲、瓠子、蒲瓜、大黄瓜、葫芦、葫芦瓜、夜开花、长瓜','15大卡（100克可食部分）','一般人群均可食用。特别适合免疫力低下、高血糖、癌症患者多食。'),(206,11,'秋葵','qiukui','黄秋葵、羊角豆、咖啡黄葵、毛茄','37大卡（100克可食部分）','一般人群均可食用。适合胃炎、癌症、胃溃疡、贫血、消化不良食用，特别是青壮年、运动员、护肤女士、男士更应该多吃。'),(207,11,'海底椰','haidiye','海底椰','30大卡（100克）','一般人群均可食用。'),(208,11,'菱角','lengjiao','水菱','98大卡（100克可食部分）','一般人群均可食用。'),(209,11,'藕带','oudai','藕带','350大卡（100克）','一般人群均可食用。'),(210,11,'笋','sun','笋','19大卡（100克）','一般人群均可食用。'),(211,11,'香芋','xiangyu','香芋','500大卡（100克）','一般人群均可食用芋头；芋头特别适合身体虚弱者食用。'),(212,11,'青萝卜','qingluobo','青萝卜','31大卡（100克可食部分）','一般人都可以食用青萝卜，尤其是减肥人士'),(213,11,'心里美','xinlimei','心里美','21大卡（100克可食部分）','一般人群均可食用。'),(214,11,'樱桃萝卜','yingtaoluobo','樱桃萝卜','9大卡（100克可食部分）','一般人群均可食用。'),(215,11,'西兰花','xilanhua','绿菜花、西兰花菜','33大卡（100克可食部分）','一般人群均可食用。'),(216,11,'苋菜','xiancai','红苋菜、葵菜、冬苋菜、雁来红、赤苋','31大卡（100克可食部分）','一般人群均可食用。 1. 适合老年人、幼儿、妇女、减肥者食用。在夏季食用红苋菜对于清热解毒，治疗肠炎痢疾以及大便干结和小便赤涩有显著作用。 2. 脾胃虚寒者忌食；平素胃肠有寒气、易腹泻的人也不宜多食。'),(217,11,'油麦菜','youmaicai','莜麦菜、苦菜、牛俐生菜','8大卡（100克可食部分）','一般人群均可食用。'),(218,11,'西洋菜','xiyangcai','西洋菜','17大卡（100克）','一般人群均可食用。'),(219,11,'鱼腥草','yuxingcao','岑草、蕺儿菜、折耳菜、紫蕺、侧耳根、野花麦、九节莲、肺形草、臭菜、臭腥草','0大卡（100克）','一般人群均可食用。适宜流行性感冒患者、经常便秘、脾胃湿热、脘腹胀满、恶心呕吐、不思饮食者。'),(220,11,'芝麻菜','zhimacai','Arugula','25大卡（100克）','一般人群均可食用。'),(221,11,'穿心莲','chuanxinlian','穿心莲','0大卡（100克）','一般人群均可食用。'),(222,11,'马兰头','malantou','紫菊、阶前菊、竹节草、马兰菊、钱鳅串、红梗菜、路边菊、蟛蜞菊','25大卡（100克）','一般人群均可食用'),(223,11,'水芹菜','shuiqincai','水芹、刀芹、蜀芹、野芹菜','11大卡（100克可食部分）','一般人群均可食用。特别适合高血压和动脉硬化的患者。'),(224,11,'抱子甘蓝','baoziganlan','芽甘蓝、子持甘蓝','23大卡（100克可食部分）','一般人群均可食用'),(225,11,'豌豆尖','wandoujian','豌豆尖','223大卡（100克）','一般人群均可食用。尤适宜热性体质的人食用。'),(226,11,'菊花菜','juhuacai','菊花菜','17大卡（100克）','一般人群均可食用'),(227,11,'芦蒿','luhao','芦蒿','56大卡（100克）','一般人群均可食用'),(228,11,'观音菜','guanyincai','观音菜','12大卡（100克）','一般人群均可食用'),(229,11,'红菜苔','hongcaitai','红菜苔','172大卡（100克）','一般人群均可食用'),(230,11,'儿菜','ercai','儿菜','0大卡（100克）','一般人群均可食用'),(231,11,'紫叶生菜','ziyeshengcai','紫叶生菜','0大卡（100克）','一般人群均可食用'),(232,11,'马齿菜','machicai','马齿菜','27大卡（100克）','一般人群均可食用'),(233,11,'贡菜','gongcai','贡菜','134大卡（100克）','一般人群均可食用'),(234,11,'蒿子秆','haozigan','蒿子秆','21大卡（100克可食部分）','一般人群均可食用'),(235,11,'车前草','cheqiancao','车前草','0大卡（100克）','一般人群均可食用'),(236,11,'鸡骨草','jigucao','鸡骨草','0大卡（100克）','一般人群均可食用'),(237,11,'刺老芽','cilaoya','刺老芽','0大卡（100克）','一般人群均可食用'),(238,11,'芦荟','luhui','芦荟','47大卡（100克）','一般人群均可使用。尤适宜便秘、皮肤炎、支气管炎患者。'),(239,11,'苦细叶生菜','kuxiyeshengcai','苦细叶生菜','0大卡（100克）','1.维生素C缺乏者 2.适宜高胆固醇、神经衰弱、肝胆病患者食用'),(240,11,'马郁兰','mayulan','马郁兰','0大卡（100克）','一般人群均可食用'),(241,11,'黄心菜','huangxincai','黄心菜','0大卡（100克）','一般人群均可食用'),(242,11,'蒜薹','suantai','蒜苗','37大卡（100克可食部分）','消化功能不佳的人宜少吃。有肝病的人过量食用，每天应在60克左右，有可能引起肝病加重。2、过量食用会影响视力。 3、不可过量食用，否则可能造成肝功能障碍，还会影响视力；消化功能不佳者和眼病患者应少食或不食； 4、肝细胞受损和癌症患者可以多食'),(243,11,'西红柿','xihongshi','西红柿、洋柿子、狼桃、番李子、金橘、番柿、六月柿、洋海椒、毛腊果','19大卡（100克可食部分）','一般人群均可食用。适宜于热性病发热、口渴、食欲不振、习惯性牙龈出血、贫血、头晕、心悸、高血压、急慢性肝炎、急慢性肾炎、夜盲症和近视眼者食用。'),(244,12,'海带','haidai','昆布、江白菜、纶布、海昆布、海马蔺、海带菜、海草、海马','12大卡（100克）','一般人都能食用 1. 适宜缺碘、甲状腺肿大、高血压、高血脂、冠心病、糖尿病、动脉硬化、骨质疏松、营养不良性贫血以及头发稀疏者可多食。 2. 精力不足、缺碘人群、气血不足及肝硬化腹水和神经衰弱者尤宜食用。'),(245,12,'紫菜','zicai','索菜、子菜、甘紫菜','207大卡（100克）','一般人均宜食用。尤其适合甲状腺肿大、水肿、慢性支气管炎、咳嗽、瘿瘤、淋病、脚气、高血压、肺病初期、心血管病和各类肿块、增生的患者更宜食用。'),(246,12,'海苔','haitai','海苔','177大卡（100克）','海苔虽有种种好处，但中医认为紫菜味甘咸，性寒，能清热、化痰、利尿，夏天多吃紫菜有消暑热，补身体的作用，高血压患者、结核病人、脚气病人、肺热多痰的人适合多吃海苔，但脾胃虚寒、容易腹胀的人就不宜多吃。由于海苔在加工中经过调味，含有较多的盐分，因而需要控盐的人也要适当克制调味海苔的食用量，可以适当吃些没有调味的紫菜片。 干海苔的盐分和味精含量很高，不宜长期连续食用，一次最好不要超过1两。尤其是幼儿和患有高血压的人群，不要常吃，吃完后要及时喝水。'),(247,12,'香菇','xianggu','冬菇、香菌、爪菰、花菇、香蕈、香菰、香信','19大卡（100克）','一般人群均可食用。 贫血者、抵抗力低下者、高血脂患者、高血压患者、动脉硬化患者、糖尿病患者、癌症患者、肾炎患者食用。'),(248,12,'木耳','muer','黑木耳、云耳、桑耳、松耳','205大卡（100克）','一般人群均可食用木耳。心脑血管疾病、结石症患者更应食用木耳，缺铁的人士、矿工、冶金工人、纺织工、理发师特别适合食用木耳。'),(249,12,'银耳','yiner','白木耳、雪耳','200大卡（100克可食部分）','一般人群均可食用。 尤其适合阴虚火旺、老年慢性支气管炎、肺原性心脏病、免疫力低下、体质虚弱、内火旺盛、虚痨、癌症、肺热咳嗽、肺燥干咳、妇女月经不调、胃炎、大便秘结患者食用'),(250,12,'金针菇','jinzhengu','朴菰 、构菌、冻菌、金菇、毛柄金钱菌、智力菇','26大卡（100克）','一般人群均可食用。适合气血不足、营养不良的老人、儿童、癌症患者、肝脏病及胃、肠道溃疡、心脑血管疾病患者食用。'),(251,12,'平菇','pinggu','侧耳、耳菇、青蘑、北风菌、蚝菌、薄菇、蚝菇','20大卡（100克可食部分）','一般人均可食用，体弱者、更年期妇女、肝炎、消化系统疾病，软骨病、心血管疾病患者、尿道结石症患者及癌症患者尤其适宜。'),(252,12,'草菇','caogu','稻草菇、秆菇、麻菇、包脚菇、兰花菇','23大卡（100克）','一般人群均可食用。尤适宜糖尿病患者。胃病，包括慢性胃炎，胃及十二指肠溃疡者宜食；体质虚弱，营养不良，神经衰弱者宜食；癌症患者，尤其是食道癌、贲门癌、胃癌患者宜食；心血管疾病患者宜食'),(253,12,'口蘑','koumo','白蘑、白蘑菇、蒙古口蘑、云盘蘑、银盘蘑','242大卡（100克）','一般人都适合食用，尤其适合癌症、心血管系统疾病、肥胖、便秘、糖尿病、肝炎、肺结核、软骨病患者食用。'),(254,12,'茶树菇','chashugu','杨柳菌、杨柳田头菇、柳松菇、柳树蘑、柳蘑、茶树菇、茶薪菇','279大卡（100克）','一般人都适合，尤其适合高血压、心血管和肥胖症患者食用。'),(255,12,'猴头菇','houtougu','猴头菌、猴头、猴头蘑','13大卡（100克）','老少皆宜，胃病患者，体质虚弱，营养不良，神经衰弱者,痛症患者，心血管疾病，食道癌、贲门癌、胃癌、咳喘患者亦可食用'),(256,12,'榛蘑','zhenmo','假蜜环菌、蜜蘑、蜜环蕈、栎蕈','157大卡（100克可食部分）','一般人群均可食用。尤其适合用眼过度、眼炎、夜盲症、皮肤干燥、高血脂、高血压、动脉硬化、粘膜失去分泌能力、羊痫风、腰腿疼痛、佝倭病、免疫低下、癌症、呼吸道疾病、消化道病的患者食用。'),(257,12,'杏鲍菇','xingbaogu','刺芹侧耳、芹侧耳、芹平菇','31大卡（100克）','一般人群均可食用'),(258,12,'鸡腿菇','jituigu','毛头鬼伞','257大卡（100克）','一般人群均可食用，尤其适合食欲不振、糖尿病人、痔疮患者食用。'),(259,12,'蟹味菇','xieweigu','蟹味菇','18大卡（100克）','一般人群均可食用。尤适宜便秘者、体弱的人群、癌症患者、心血管疾病患者以及发育期儿童食用。'),(260,12,'冬菇','donggu','冬菇、香菌、爪菰、花菇、香蕈、香菰、香信','19大卡（100克）','一般人群均可食用。 贫血者、抵抗力低下者、高血脂患者、高血压患者、动脉硬化患者、糖尿病患者、癌症患者、肾炎患者食用。'),(261,12,'裙带菜','qundaicai','若布、海芥菜、海木耳','119大卡（100克）','一般人群均可食用。尤其适宜高血压病，冠心病，动脉硬化者、肥胖之人，甲状脓肿大者、大便秘结之人、少年儿童生长发育、怀孕妇女以及哺乳期食用。'),(262,12,'蘑菇','mogu','白蘑、白蘑菇、蒙古口蘑、云盘蘑、银盘蘑','242大卡（100克）','一般人都适合食用，尤其适合癌症、心血管系统疾病、肥胖、便秘、糖尿病、肝炎、肺结核、软骨病患者食用。'),(263,12,'双孢菇','shuangbaogu','双孢菇','242大卡（100克）','一般人群均可食用'),(264,12,'竹荪','zhusun_1','竹笙、竹菌、竹参、网纱菇、竹签','155大卡（100克）','一般人群均可食用。肥胖、脑力工作者、失眠、高血压、高血脂、高胆固醇患者、免疫力低下、肿瘤患者可以常食。'),(265,12,'白玉菇','baiyugu','双孢蘑菇、洋蘑菇','27大卡（100克）','一般人群均可食用'),(266,12,'牛肝菌','niuganjun','美味牛肝菌','253大卡（100克）','一般人都可食用'),(267,12,'白灵菇','bailinggu','白灵菇','39大卡（100克）','一般人皆可食用，尤适宜患胃病、伤寒、高血压、动脉硬化、儿童偻病、软骨病、中老年骨质疏松病等症人群。'),(268,12,'滑子菇','huazigu','滑子菇','15大卡（100克）','一般人皆可食用。'),(269,12,'元蘑','yuanmo','亚侧耳、冬蘑、黄蘑','146大卡（100克）','一般人皆可食用。'),(270,12,'鸡枞','jizong','鸡枞','251大卡（100克）','一般人群均可食用，是老、少、妇、弱的理想滋补食品'),(271,12,'石耳','shier','石耳','78大卡（100克）','一般人群均可食用。 尤适宜肺热咳嗽、肺燥干咳、胃肠有热、便秘下血、头晕耳鸣、月经不调、冠心病、高血压等均有良好的食疗效果。'),(272,12,'羊肚菌','yangdujun','干狼肚、羊肚蘑、羊肝菜、编笠菌、羊肚子','295大卡（100克）','一般人群均可食用，最适宜中老年人、阳萎、早泄、性功能减退、性欲冷淡的人、妇女、脑力工作者食用。'),(273,12,'干巴菌','ganbajun','干巴菌','26大卡（100克可食部分）','一般人皆可食用。'),(274,12,'红蘑','hongmo','红蘑','214大卡（100克）','一般人皆可食用。'),(275,12,'慈菇','cigu','茨菰、乌芋、白地果','94大卡（100克可食部分）','一般人群均可食用。 孕妇，便秘者不宜多吃'),(276,13,'罗汉果','luohanguo','假苦瓜、拉汉果、光果木鳖','169大卡（100克）','一般人群均可食用。尤适宜适宜失音、扁桃体发炎、咽喉炎患者。'),(277,13,'川贝','chuanbei','川贝','20大卡（100克）','肺热咳嗽、哮喘、小儿咳嗽、呼吸道疾病患者适宜。'),(278,13,'首乌','shouwu','首乌','35大卡（100克）','一般人皆可食用。'),(279,13,'人参','renshen','人参','100大卡（100克）','一般人群均可食用。尤适宜身体虚弱者、气血不足者、气短者、贫血者、神经衰弱者。'),(280,13,'荷叶','heye','荷叶','100大卡（100克）','一般人皆可食用。'),(281,13,'阿胶','ejiao','阿胶','100大卡（100克）','肺燥型咳嗽，干咳无痰或少痰者适宜多吃阿胶。'),(282,13,'冬虫夏草','dongchongxiacao','虫草、冬虫草（甘肃）、夏草冬虫、雅扎贡布（藏语）','292大卡（100克）','适宜慢性支气管病人、肺气肿患者、肺结核患者、支气管哮喘者、盗汗者、阳痿遗精者。'),(283,13,'陈皮','chenpi','橘皮、贵老、红皮、黄橘皮、广橘皮、新会皮','278大卡（100克）','1. 橘皮(包括橘红与橘白)泡茶，适宜脾胃气滞、脘腹胀满、消化不良、食欲不振、咳嗽多痰之人食用；也适宜预防高血压、心肌梗死、脂肪肝之人、急性乳腺炎者食用。'),(284,13,'白芷','baizhi','芳香、泽芬、香白芷','324大卡（100克）','一般人皆可食用。'),(285,13,'肉桂','rougui','桂皮、牡桂、桂、大桂、筒桂、辣桂、玉桂','199大卡（100克）','适宜平素畏寒怕冷，四肢手脚发凉、胃寒冷痛、食欲不振、呕吐清水、腹部隐痛喜暖、肠鸣泄泻者食用；妇女产后腹痛、月经期间小腹发凉冷痛以及寒性闭经者；腰膝冷痛，风寒湿性关节炎者；外科阴疽流注、慢性溃疡久不收口者。'),(286,14,'酸菜','suancai','酸菜','32大卡（100克）','一般人皆可食用。'),(287,14,'榨菜','zhacai','榨菜','29大卡（100克）','一般人群均可食用，适合常吃油腻者、大病初愈或患小病而胃口不佳者食用。'),(288,14,'辣白菜','labaicai','辣白菜','65大卡（100克）','一般人皆可食用。'),(289,14,'泡菜','paocai','泡菜','23大卡（100克）','由于泡菜在腌制过程中会产生亚硝酸盐，这是公认的致癌物质；并且亚硝酸盐的含量与盐浓度、温度、腌制时间等众多因素密切相关，家庭、小作坊或无严格安全检测厂商生产的泡菜更容易出现亚硝酸盐含量过高的问题。因而泡菜不宜多食。'),(290,14,'酸笋','suansun','酸笋','10大卡（100克）','一般人皆可食用。'),(291,14,'酸豆角','suandoujiao','酸豆角','41大卡（100克）','一般人皆可食用。'),(292,14,'酸豇豆','suangangdou','酸豇豆','100大卡（100克）','一般人皆可食用。'),(293,15,'虾','xia','虾','79大卡（100克可食部分）','一般人群均可食用 1.老年人、孕妇和心血管病患者更适合食用。 2.同时适宜肾虚阳痿、男性不育症、腰脚瘙弱无力、中老年人缺钙所致的小腿抽筋者食用。'),(294,15,'虾仁','xiaren','虾仁','48大卡（100克）','一般人群均可食用 1.老年人、孕妇和心血管病患者更适合食用。 2.同时适宜肾虚阳痿、男性不育症、腰脚瘙弱无力、中老年人缺钙所致的小腿抽筋者食用。'),(295,15,'海虾','haixia','海虾','79大卡（100克）','一般人群均可食用 1.老年人、孕妇和心血管病患者更适合食用。 2.同时适宜肾虚阳痿、男性不育症、腰脚瘙弱无力、中老年人缺钙所致的小腿抽筋者食用。'),(296,15,'河虾','hexia','河虾','87大卡（100克可食部分）','一般人群均可食用 1.老年人、孕妇和心血管病患者更适合食用。 2.同时适宜肾虚阳痿、男性不育症、腰脚瘙弱无力、中老年人缺钙所致的小腿抽筋者食用。'),(297,15,'北极虾','beijixia','北极甜虾','94大卡（100克）','一般人群均可食用 1.老年人、孕妇和心血管病患者更适合食用。 2.同时适宜肾虚阳痿、男性不育症、腰脚瘙弱无力、中老年人缺钙所致的小腿抽筋者食用。'),(298,15,'龙虾','longxia','龙虾','90大卡（100克可食部分）','一般人群均可食用 1.老年人、孕妇和心血管病患者更适合食用。 2.同时适宜肾虚阳痿、男性不育症、腰脚瘙弱无力、中老年人缺钙所致的小腿抽筋者食用。'),(299,15,'明虾','mingxia','明虾','85大卡（100克可食部分）','一般人群均可食用 1.老年人、孕妇和心血管病患者更适合食用。 2.同时适宜肾虚阳痿、男性不育症、腰脚瘙弱无力、中老年人缺钙所致的小腿抽筋者食用。'),(300,15,'基围虾','jiweixia','基围虾','101大卡（100克可食部分）','一般人群均可食用 1.老年人、孕妇和心血管病患者更适合食用。 2.同时适宜肾虚阳痿、男性不育症、腰脚瘙弱无力、中老年人缺钙所致的小腿抽筋者食用。'),(301,15,'小龙虾','xiaolongxia','小龙虾','93大卡（100克）','一般人皆可食用。'),(302,15,'皮皮虾','pipixia','皮皮虾','75大卡（100克）','一般人均可食用。 　　1. 老少皆宜；中老年人、孕妇和心血管病患者更适合食用。适宜肾虚阳痿、男性不育症、腰脚无力之人食用；适宜中老年人缺钙所致的小腿抽筋者食用； 　　2. 宿疾者、正值上火之时不宜食虾；患过敏性鼻炎、支气管炎、反复发作性过敏性皮炎的老年人不宜吃虾；虾为痛风发物，患有皮肤疥癣者忌食。'),(303,15,'海米','haimi','海米','195大卡（100克）','一般人皆可食用。'),(304,15,'虾皮','xiapi','虾皮','153大卡（100克）','一般人群均可食用。尤适宜中老年人、孕妇、心血管病患者、肾虚阳痿、男性不育症、腰脚无力之人。'),(305,15,'江虾','jiangxia','沼虾、江虾','87大卡（100克）','老少皆宜；中老年人、孕妇和心血管病患者更适合食用。1. 适宜肾虚阳痿、男性不育症、腰脚瘙弱无力之人食用；适宜中老年人缺钙所致的小腿抽筋者食用；2. 宿疾者、正值上火之时不宜食虾；患过敏性鼻炎、支气管炎、反复发作性过敏性皮炎的老年人不宜吃虾；虾为动风发物，患有皮肤疥癣者忌食。'),(306,15,'对虾','duixia','大虾','93大卡（100克可食部分）','老少皆宜；中老年人、孕妇和心血管病患者更适合食用。 1. 适宜肾虚阳痿、男性不育症、腰脚瘙弱无力之人食用；适宜中老年人缺钙所致的小腿抽筋者食用； 2. 宿疾者、正值上火之时不宜食虾；患过敏性鼻炎、支气管炎、反复发作性过敏性皮炎的老年人不宜吃虾； 虾为动风发物，患有皮肤疥癣者忌食。'),(307,16,'梭子蟹','suozixie','梭子蟹','95大卡（100克可食部分）','一般人群均可食用。适宜跌打损伤、筋断骨碎、瘀血肿痛、产妇胎盘残留者食用，尤以蟹爪为好。'),(308,16,'大闸蟹','dazhaxie','大闸蟹','62大卡（100克）','1.适宜跌打损伤，筋断骨碎，瘀血肿痛之人食用 2.适宜产妇胎盘残留，或孕妇临产阵缩无力，胎儿迟迟不下者食用，尤以蟹爪为好'),(309,16,'河蟹','hexie','河蟹、毛蟹、稻蟹、中华绒螯蟹、横行介士、无肠公子','103大卡（100克可食部分）','一般人群均可食用。适宜跌打损伤、筋断骨碎、瘀血肿痛、产妇胎盘残留、孕妇临产阵缩无力、胎儿迟迟不下者食用，尤以蟹爪为好。'),(310,16,'螃蟹','pangxie','梭子蟹、盖子','95大卡（100克可食部分）','一般人群均可食用。适宜跌打损伤，筋断骨碎，瘀血肿痛之人食用；适宜产妇胎盘残留，或孕妇临产阵缩无力，胎儿迟迟不下者食用，尤以蟹爪为好。'),(311,16,'青蟹','qingxie','锯缘青蟹、红鲟 、膏蟹、蝤蛑、红膏蟹','80大卡（100克可食部分）','一般人群均可食用。适宜跌打损伤，筋断骨碎，瘀血肿痛之人食用；适宜产妇胎盘残留，或孕妇临产阵缩无力，胎儿迟迟不下者食用，尤以蟹爪为好。'),(312,16,'海蟹','haixie','海蟹','81大卡（100克可食部分）','一般人群均可食用。适宜跌打损伤、筋断骨碎、瘀血肿痛、产妇胎盘残留、孕妇临产阵缩无力、胎儿迟迟不下者食用，尤以蟹爪为好。'),(313,16,'帝王蟹','diwangxie','帝王蟹','97大卡（100克）','一般人群均可食用。适宜跌打损伤，筋断骨碎，瘀血肿痛之人食用；适宜产妇胎盘残留，或孕妇临产阵缩无力，胎儿迟迟不下者食用，尤以蟹爪为好。'),(314,16,'花蟹','huaxie','花蟹','95大卡（100克）','适宜跌打损伤、筋断骨碎、瘀血肿痛、产妇胎盘残留、孕妇临产阵缩无力、胎儿迟迟不下者食用，尤以蟹爪为好。'),(315,16,'沙蟹','shaxie','沙蟹','100大卡（100克）','一般人皆可食用。'),(316,17,'海螺','hailuo','海螺','137大卡（100克）','一般人群均可食用。适宜黄疸，水肿，小便不通，痔疮便血，脚气，消渴，风热目赤肿痛以及醉酒之人食用；适宜癌症，干燥综合征者食用；也适宜肥胖症，高脂血症，冠心病，动脉硬化，脂肪肝者食用。'),(317,17,'扇贝','shanbei','海扇','60大卡（100克可食部分）','一般人群均可食用。适宜高胆固醇、高血脂体质的人以及患有甲状腺肿大、支气管炎、胃病等疾病的人。'),(318,17,'鲜贝','xianbei','鲜贝','77大卡（100克）','一般人均可食用。 适宜高胆固醇、高血脂体质的人以及患有甲状腺肿大、支气管炎、胃病等疾病的人。'),(319,17,'干贝','ganbei','扇贝、瑶柱、江瑶柱、马甲柱、蜜丁、角带子','264大卡（100克）','适宜脾胃虚弱，气直不足，营养不良，或久病体虚，五脏亏损之人食用；适宜脾肾阳虚的老年夜尿频多者食用；适宜高脂血症，动脉硬化，冠心病者食用；适宜不思纳谷，食欲不振，消化不良者食用；适宜各种痛症患者及放疗化疗后食用；适宜糖尿病，虹斑性狼疮，干燥综合征等阴虚体质者食用。'),(320,17,'蛤蜊','hali','蛤蜊','62大卡（100克可食部分）','一般人群均可食用。尤适宜高胆固醇、高血脂体质、肺结核咳嗽咯血，阴虚盗汗者和体质虚弱，营养不良者，瘿瘤瘰疬，淋巴结肿大，甲状腺肿大者，癌症患者及放疗、化疗后者，糖尿病，红斑狼疮，干燥综合症患者，黄疸者，尿路感染者，醉酒之人。'),(321,17,'蛏子','shengzi','缢蛏、竹蛏、大竹蛏','40大卡（100克可食部分）','一般人都可食用。适宜产后虚损、烦热口渴、湿热水肿、痢疾、醉酒等人群。'),(322,17,'生蚝','shenghao','生蚝','57大卡（100克）','1．病虚而多热者宜用。 2．虚而有寒者忌之。'),(323,17,'文蛤','wenha','文蛤','209大卡（100克）','一般人群均可食用'),(324,17,'鲍鱼','baoyu','鳆鱼、鲍螺、九孔、紫鲍、盘鲍、大鲍、石决明、白戟鱼、阔口鱼、白冀、鲴鱼、明目鱼','84大卡（100克可食部分）','一般人均可食用。夜尿频、气虚哮喘、血压不稳、精神难以集中者适宜多吃鲍鱼；糖尿病患者也可用鲍鱼作辅助治疗，但必须配药同炖，才有疗效。'),(325,17,'海蚌','haibang','西施舌','42大卡（100克可食部分）','一般人群均可食用 适于体质虚弱， 气血不足，营养不良者，高胆固醇、高血脂体质的人以及患有甲状腺肿大、支气管炎、胃病等疾病的人尤为适合。'),(326,17,'香螺','xiangluo','香螺','163大卡（100克可食部分）','一般人群均可食用 适宜黄疽，水肿，小便不通，痔疮便血，脚气，消渴，风热目赤肿痛以及醉酒之人食用；适宜糖尿病，癌症，干燥综合征者食用；也适宜肥胖症，高脂血症，冠心病，动脉硬化，脂肪肝者食用。'),(327,17,'田螺','tianluo','田中螺、黄螺','60大卡（100克可食部分）','一般人群均可食用 适宜黄疽、水肿、小便不通、痔疮便血、脚气、消渴、风热目赤肿痛以及醉酒之人食用；同时适宜糖尿病、癌症、干燥综合征、肥胖症、高脂血症、冠心病、动脉硬化、脂肪肝者食用。'),(328,17,'红螺','hongluo','红螺','119大卡（100克可食部分）','一般人群均可食用。适宜黄疽，水肿，小便不通，痔疮便血，脚气，消渴，风热目赤肿痛以及醉酒之人食用；适宜糖尿病，癌症，干燥综合征者食用；也适宜肥胖症，高脂血症，冠心病，动脉硬化，脂肪肝者食用。'),(329,17,'贻贝','yibei','贻贝、壳菜、海虹','355大卡（100克）','一般人群均可食用。尤适宜中老年人体质虚弱、气血不足、营养不良者，高血压病、动脉硬化、耳鸣眩晕者，肾虚之腰痛、阳痿、盗汗、小便余沥、妇女白带多者，患有瘿瘤（甲状腺肿）、疝瘕者。'),(330,17,'河蚬','hejian','扁螺、黄蚬、河蚬','47大卡（100克可食部分）','一般人均可食用。适宜目黄、湿毒脚气、消渴、以及疔疮痈肿之人食用，适宜夏秋大热季节食用。'),(331,17,'河蚌','hebang','河歪、河蛤蜊、鸟贝','54大卡（100克可食部分）','一般人群均可食用，适宜阴虚内热之人食用，诸如消渴，烦热口干，目赤者；适宜妇女虚劳，血崩，带下，以及痔疮之人食用；适宜甲状腺机能亢进，高血压病，高脂血症，红斑性狼疮者食用；适宜胆囊炎，胆 石症，泌尿系结石，尿路感染，癌症患者及糖尿病患者食用；适宜小儿水痘者食用；适宜炎夏季节烦热口渴时食用。'),(332,17,'赤贝','chibei','魁蚶','61大卡（100克可食部分）','一般人群均可食用。高胆固醇、高血脂体质的人以及患有甲状腺肿大、支气管炎、胃病等疾病的人尤为适合。'),(333,18,'草鱼','caoyu','鲩鱼、混子、草鲩、草包鱼、草根鱼、草青、白鲩','113大卡（100克可食部分）','一般人群均可食用，尤其适宜虚劳、风虚头痛、肝阳上亢高血压、头痛、久疟、心血管病人。'),(334,18,'鲫鱼','jiyu','河鲫、鲋鱼、喜头、鲫瓜子、喜头鱼、海附鱼、童子鲫、鲭','108大卡（100克可食部分）','一般人群均可食用。适宜慢性肾炎水肿，肝硬化腹水，营养不良性浮肿之人食用；适宜孕妇产后乳汁缺少之人食用；适宜脾胃虚弱，饮食不香之人食用；适宜小儿麻疹初期，或麻疹透发不快者食用；适宜痔疮出血，慢性久痢者食用。'),(335,18,'鲈鱼','luyu','鲈花、鲈板、鲈子鱼、寨花、四腮鱼、鲁鱼、花糜','105大卡（100克可食部分）','一般人群均可食用鲤鱼。 鲤鱼适宜肾炎水肿、黄疽肝炎、肝硬化腹水、心脏性水肿、营养不良性水肿、脚气浮肿、咳喘者之人食用；同时适宜妇女妊娠水肿、胎动不安、产后乳汁缺少之人食用。'),(336,18,'鲤鱼','liyu','龙门鱼、鲤拐子、赤鲤、黄鲤、白鲤、赖鲤','109大卡（100克可食部分）','一般人群均可食用。 1.适宜肾炎水肿、黄疽肝炎、肝硬化腹水、心脏性水肿、营养不良性水肿、脚气浮肿、咳喘者之人食用。 2.适宜妇女妊娠水肿、胎动不安、产后乳汁缺少之人食用。'),(337,18,'鲶鱼','nianyu','鲇鱼，鲶，鲶巴郎，泥鱼','103大卡（100克）','一般人群均可食用。 1.老、幼、产后妇女及消化功能不佳的人最为适用。 2.适宜体弱虚损，营养不良，乳汁不足，小便不利，水气浮肿者食用。'),(338,18,'带鱼','daiyu','刀鱼、裙带鱼、牙带、白带鱼、柳鞭鱼、带柳、晦刀鱼','127大卡（100克可食部分）','一般人群均能食用 适宜久病体虚，血虚头晕，气短乏力，食少赢瘦，营养不良之人食用；适宜皮肤干燥之人食用。'),(339,18,'三文鱼','sanwenyu','salmon sashimi','155大卡（100克）','一般人群均可食用。适宜心血管疾病、贫血、感冒患者。'),(340,18,'鳕鱼','xueyu','鳕狭、明太鱼、大头青、大口鱼、大头鱼、大头腥','88大卡（100克可食部分）','一般人群均可食用。尤为适宜夜盲症、干眼症、心血管疾病、骨质疏松症患者。'),(341,18,'黄鱼','huangyu','黄鱼','97大卡（100克）','一般人均宜于食用。贫血、头晕及体虚者更加适合。'),(342,18,'鲳鱼','changyu','银鲳、镜鱼 鲳鱼','140大卡（100克可食部分）','老少皆宜'),(343,18,'鳗鱼','manyu','鳗鱼','181大卡（100克）','一般人群均可食用。适宜夜盲症、贫血、肺结核患者'),(344,18,'龙利鱼','longliyu','舌鳎、舌鳎鱼、牛舌头鱼、花纹舌头','83大卡（100克可食部分）','老少皆宜'),(345,18,'鲅鱼','bayu','马交、巴鱼、燕鲅鱼、尖头马加、蓝点鲅、马鲛鱼','121大卡（100克可食部分）','一般人都可食用，尤适宜体弱咳喘、贫血、早衰、营养不良、产后虚弱和神经衰弱等症人群。'),(346,18,'桂鱼','guiyu','桂鱼','0大卡（100克）','适宜体质衰弱，虚劳赢瘦，脾胃气虚，饮食不香，营养不良之人食用；老幼、妇女、脾胃虚弱者尤为适合。'),(347,18,'鱼头','yutou_1','鱼头','104大卡（100克）','老少皆宜'),(348,18,'金枪鱼','jinqiangyu','金枪鱼','189大卡（100克）','1.金枪鱼肉一般人都可食用；更是女性美容、减肥的健康食品 2.尤适宜心脑血管疾病患者,儿童成长发育骨骼健康有一定作用。尤其适合少年食用。'),(349,18,'丁香鱼','dingxiangyu','丁香鱼','196大卡（100克）','一般人群皆可食用。'),(350,18,'鲢鱼','lianyu','白鲢、胖子、连子鱼、扁鱼、苏鱼、白脚鲢、白屿','104大卡（100克可食部分）','一般人群均可食用。'),(351,18,'银鱼','yinyu','银鱼','105大卡（100克）','一般人都可食用。尤适宜体质虚弱、营养不足、消化不良者、高脂血症患者、脾胃虚弱者、有肺虚咳嗽、虚劳等症者食用。'),(352,18,'青鱼','qingyu','青皮鱼、青鳞鱼、青混、鲭、黑鲩、螺狮青','118大卡（100克可食部分）','一般人群均可食用 1.适宜各类水肿、肝炎、肾炎、脚气脚弱之人食用。 2.适宜脾胃虚弱，气血不足，营养不良之人食用。 3.适宜高脂血症，高胆固醇血症，动脉硬化者食用。'),(353,18,'秋刀鱼','qiudaoyu','秋刀鱼','250大卡（100克）','一般人群均可食用。'),(354,18,'鲷鱼','chouyu','鲷鱼','110大卡（100克）','一般人群均可食用。'),(355,18,'比目鱼','bimuyu','片口鱼、左口鱼、牙片、偏口','112大卡（100克可食部分）','一般人都可食用'),(356,18,'多春鱼','duochunyu','多春鱼','113大卡（100克）','一般人群均可食用。尤适宜儿童、骨质疏松症患者和老人。痛风患者、婴儿、幼儿和痰湿体质，特禀体质的人群不宜多吃。'),(357,18,'多宝鱼','duobaoyu','多宝鱼','117大卡（100克）','一般人群均可食用。'),(358,18,'黑鱼','heiyu','黑鱼','85大卡（100克）','一般人群均可食用。'),(359,18,'鱼片','yupian','鱼片','88大卡（100克）','一般人群均可食用。'),(360,18,'武昌鱼','wuchangyu','武昌鱼','229大卡（100克）','一般人群均可食用。尤适宜贫血、营养不良、体虚、食欲不振者'),(361,18,'罗非鱼','luofeiyu','吴郭鱼、越南鱼、非洲鲫鱼、福寿鱼、尼罗鱼','98大卡（100克可食部分）','一般人群都可食用'),(362,18,'鲮鱼','lengyu','雪鲮、土鲮鱼、鲮公、雪鱼、龄鱼','95大卡（100克可食部分）','一般人群均可食用。适宜体质虚弱，气血不足，营养不良之人食用；适宜膀胱热结，小便不利，肝硬化腹水，营养不良性水肿之人食用。'),(363,18,'虹鳟鱼','hongzunyu','虹鳟鱼','99大卡（100克）','一般人群均可食用。'),(364,18,'鲟鱼','xunyu','鲟鱼','33大卡（100克）','一般人群均可食用。'),(365,18,'沙尖鱼','shajianyu','沙尖鱼','102大卡（100克）','一般人群均可食用。'),(366,18,'沙丁鱼','shadingyu','沙鲻','89大卡（100克可食部分）','一般人群均可食用。'),(367,18,'鮸鱼','mianyu','鮸鱼','380大卡（100克）','一般人群均可食用。'),(368,18,'石斑鱼','shibanyu','石斑鱼','57大卡（100克）','一般人群均可食用。'),(369,18,'虱目鱼','shimuyu','虱目鱼','24大卡（100克）','一般人群均可食用。'),(370,18,'华子鱼','huaziyu','华子鱼','100大卡（100克）','一般人群均可食用。'),(371,18,'跳跳鱼','tiaotiaoyu','跳跳鱼','100大卡（100克）','一般人群均可食用。'),(372,19,'鱼丸','yuwan','鱼丸','107大卡（100克）','一般人都可使用'),(373,19,'鱼籽','yuzi','鱼籽','0大卡（100克）','一般人都可使用'),(374,19,'鱿鱼','youyu','鱿鱼','75大卡（100克可食部分）','一般人群均可食用。尤适宜骨质疏松、缺铁性贫血、月经不调患者。'),(375,19,'墨鱼','moyu','乌贼、花枝、墨斗鱼、乌鱼、暝斗鱼、乌侧鱼、缆鱼','83大卡（100克可食部分）','一般人群均能食用 适宜阴虚体质，贫血，妇女血虚经闭，带下，崩漏者食用。'),(376,19,'海参','haishen','海男子、土肉、刺参、海鼠、海瓜皮','78大卡（100克）','一般人群都能食用，精力不足，气血不足及肝硬化腹水和神经衰弱者尤宜食用。 适宜虚劳赢弱，气血不足，营养不良，病后产后体虚之人食用；适宜肾阳不足，阳痿遗精，小便频数之人食用；适宜高血压病，高脂血症，冠心病，动脉硬化之人食用；适宜癌症病人及放疗、化疗、手术后食用；适宜肝炎，肾炎，糖尿病患者食用；适宜血友病患者及易于出血之人食用；适宜年老体弱者食用。'),(377,19,'海蜇','haizhe','海蜇','74大卡（100克）','中老年急慢性支气管炎，咳嗽哮喘，痰多黄稠者宜食；高血压病，头昏脑胀，烦热口渴，以及大便秘结者宜食；单纯性甲状腺肿患者宜食；醉酒后烦渴者宜食。'),(378,19,'甲鱼','jiayu','鳖、水鱼、团鱼、鼋鱼、元鱼、老鳖、王八','118大卡（100克可食部分）','一般人群均可食用  适宜体质衰弱，肝肾阴虚，骨蒸劳热，营养不良之人食用；适宜肺结核及肺外结核低烧不退之人食用；适宜慢性肝炎，肝硬化腹水，肝脾肿大，糖尿病，以及肾炎水肿之人食用；适宜各种类型的癌症患者及放疗化疗后食用；适宜干燥综合征患者食用；适宜高血脂，动脉硬化，冠心病，高血压患者食用；适宜低蛋白血症患者食用；适宜脚气病患者食用。'),(379,19,'木鱼花','muyuhua','木鱼花','340大卡（100克）','一般人都可使用'),(380,19,'金枪鱼罐头','jinqiangyuguantou','金枪鱼罐头','189大卡（100克）',' 一般人群均可食用。尤其适宜慢性病、高血脂、体质虚弱者，更年期妇女。'),(381,19,'蟹柳','xieliu','蟹柳','123大卡（100克）','一般人都可使用'),(382,19,'鱼干','yugan','鱼干','142大卡（100克）','一般人都可使用'),(383,19,'鱼肉松','yurousong','鱼肉松','135大卡（100克）','适合老人、儿童、体弱和病人补充营养。'),(384,19,'干鱿鱼','ganyouyu','土鱿','313大卡（100克可食部分）','一般人群均能食用'),(385,19,'海胆','haidan','海胆','0大卡（100克）','一般人群均能食用'),(386,19,'海兔','haitu','海兔','418大卡（100克）','海兔的皮肤组织和体内含有有毒物质，所以要经过专业处理后才宜食用。'),(387,19,'鱼板','yuban','鱼板','107大卡（100克）','一般人群均能食用'),(388,19,'鱼饼','yubing','鱼饼','79大卡（100克）','一般人群均能食用'),(389,20,'大米','dami','大米','347大卡（100克）','一般人群均可食用 1. 适宜一切体虚之人、高热之人、久病初愈、妇女产后、老年人、婴幼儿消化力减弱者，煮成稀粥调养食用； 2. 糖尿病患者不宜多食。'),(390,20,'糙米','caomi','活米，发芽米','332大卡（100克）','一般人群均可食用，尤适于肥胖、胃肠功能障碍、贫血、便秘等人食用。'),(391,20,'米饭','mifan','米饭','116大卡（100克）','一般人皆可食用，糖尿病患者不宜多食。'),(392,20,'糯米','nuomi','元米、江米','350大卡（100克）','一般人群都能食用 1. 适宜体虚自汗、盗汗、多汗、血虚头晕眼花、脾虚腹泻之人食用。 2.适宜肺结核、神经衰弱、病后产后之人食用。'),(393,20,'年糕','niangao','年糕','154大卡（100克）','一般人群均可食用'),(394,20,'香米','xiangmi','香大米','335大卡（100克）','一般人均可食用。适宜一切体虚之人、高热之人、久病初愈、妇女产后、老年人、婴幼儿消化力减弱者，煮成稀粥调养食用。'),(395,20,'糯米粉','nuomifen','Glutinous Rice Flour','350大卡（100克）','糯米适宜多汗、血虚、脾虚、体虚、盗汗、肺结核、神经衰弱等症患者食用。'),(396,20,'饵块','erkuai','饵块','350大卡（100克）','一般人群均可食用'),(397,20,'粳米','jingmi','硬米','343大卡（100克）','一般人群均可食用。适宜一切体虚之人、高热之人、久病初愈、妇女产后、老年人、婴幼儿消化力减弱者。'),(398,20,'籼米','shanmi','籼米','328大卡（100克）','一般人群均可食用。适宜一切体虚之人、高热之人、久病初愈、妇女产后、老年人、婴幼儿消化力减弱者，煮成稀粥调养食用。'),(399,21,'面粉','mianfen','面粉','366大卡（100克）','一般人皆可食用，偏食者尤其适合食用。'),(400,21,'高筋面粉','gaojinmianfen','Type 1050面粉','333大卡（100克）','一般人群均可食用'),(401,21,'低筋面粉','dijinmianfen','低筋面粉','354大卡（100克）','一般人群均可食用'),(402,21,'中筋面粉','zhongjinmianfen','中筋面粉','361大卡（100克）','适用于一切人群。'),(403,21,'玉米面','yumimian','玉米面','353大卡（100克）','一般人皆可食用，尤适宜脾胃气虚、气血不足、营养不良之人食用；适宜动脉硬化、高血压、高脂血症、冠心病等心血管疾病之人食用；适宜肥胖症、脂肪肝者食用；适宜癌症患者及中老年人食用；适宜记忆力减退之人食用；适宜习惯性便秘之人食用；适宜慢性肾炎水肿者食用。'),(404,21,'全麦粉','quanmaifen','全麦粉','367大卡（100克）','适用于一切人群。'),(405,21,'小麦面粉','xiaomaimianfen','小麦面粉','354大卡（100克）','一般人皆可食用，偏食者尤其适合食用。'),(406,21,'面条','miantiao','面条','286大卡（100克）','一般人群均可食用'),(407,21,'挂面','guamian','挂面','286大卡（100克）','一般人群均可食用'),(408,21,'意大利面条','yidalimian','意大利面条','347大卡（100克）','一般人群均可食用'),(409,21,'油条','youtiao','油条','388大卡（100克）','一般人群均可食用'),(410,21,'吐司','tusi','吐司','371大卡（100克）','一般人群均可食用'),(411,22,'小米','xiaomi','粟米、稞子、秫子、黏米、白梁粟、粟谷','361大卡（100克）','一般人均可食用。 小米是老人、病人、产妇宜用的滋补品。'),(412,22,'黑米','heimi','黑米','341大卡（100克）','一般人群均可食用 。适于少年白发、妇女产后虚弱、病后体虚以及贫血、肾虚等人食用。'),(413,22,'紫米','zimi','紫米','343大卡（100克）','一般人群均可食用 尤适于少年白发、妇女产后虚弱、病后体虚以及贫血、肾虚者食用。'),(414,22,'薏米','yimi','薏苡、薏苡仁、六谷米、苡米、薏仁米、沟子米、苡仁、薏仁','292大卡（100克）','一般人群均可食用 适宜各种癌症患者食用；适宜各种关节炎之人食用； 适宜急慢性肾炎水肿、癌性腹水、面浮肢肿之人食用；适宜脚气病浮肿者食用，因为薏苡仁含维生素Bl的量比大米多得多；适宜各种疣赘及美容者食用，如青年性扁平疣、寻常性赘疣、传染性软疣、青年粉刺疙瘩以及其他皮肤营养不良粗糙者；适宜肺痿、肺痈者食用。'),(415,22,'燕麦片','yanmaipian','燕麦片','367大卡（100克）','一般人群均可食用 适宜产妇、婴幼儿、老年人以及空勤、海勤人员食用；适宜慢性病人、脂肪肝、糖尿病、浮肿、习惯性便秘者食用；适宜体虚自汗、多汗、易汗、盗汗者食用；适宜高血压病、高脂血症、动脉硬化者食用。'),(416,22,'大麦','damai','元麦、稞麦、饭麦、赤膊麦、裸大麦','307大卡（100克）','一般人群均可食用 适宜胃气虚弱、消化不良者食用；凡肝病、食欲不振、伤食后胃满腹胀者、妇女回乳时乳房胀痛者宜食大麦芽。'),(417,22,'荞麦','qiaomai','乌麦、花荞、甜荞、荞子','337大卡（100克）','一般人群均可食用 适宜食欲不振、饮食不香、肠胃积滞、慢性泄泻之人食用；同时适宜出黄汗之人和夏季痧症者、糖尿病人多食。'),(418,22,'黄米','huangmi','黄米','342大卡（100克）','一般人群均可食用 适宜于体弱多病，面生疔疮者食用；适宜阳盛阴虚，夜不得眠，久泄胃弱，疗冻疮、疥疮、毒热、毒肿者食用。'),(419,22,'高粱米','gaoliangmi','蜀黍、高粱、芦粟、桃粟、蜀秫、木稷、芦粟、番黍、荻粱','351大卡（100克）','一般人都可食用。适宜小儿消化不良时服食；适宜于脾胃气虚、大便溏薄之人食用；黏性较强的高粱，适宜于肺结核病人食用。'),(420,22,'小米面','xiaomimian','小米面','356大卡（100克）','一般人群均可食用。 是老人、病人、产妇宜用的滋补品；'),(421,22,'荞麦粉','qiaomaifen','荞麦面','304大卡（100克）','1.人群均可食用，对于糖尿病人更为适宜。 2.适宜食欲不振、饮食不香、肠胃积滞、慢性泄泻、出黄汗之人和夏季痧症者食用。'),(422,22,'黄米面','huangmimian','黄米面','342大卡（100克）','1. 适宜于体弱多病，面生疔疮者食用；适宜阳盛阴虚，夜不得眠，久泄胃弱，治疗冻疮、疥疮、毒热、毒肿者食用；'),(423,22,'菰米','humi','菰米','340大卡（100克）','一般人群均可食用,糖尿病患者糖尿病患者推荐菰米替代普通白米。'),(424,22,'玉米','yumi','苞谷、珍珠米、棒子、玉蜀黍、苞米、六谷','106大卡（100克可食部分）','一般人皆可食用，尤适宜脾胃气虚、气血不足、营养不良、动脉硬化、高血压、高脂血症、冠心病、心血管疾病、肥胖症、脂肪肝、癌症患者、记忆力减退、习惯性便秘、慢性肾炎水肿以及中老年人食用。'),(425,23,'西米','ximi','tapioca/sago','358大卡（100克）','一般人群均可食用。适宜体质虚弱、产后病后恢复期、消化不良、神疲乏力之人食用；适宜肺气虚、肺结核、肺痿咳嗽者食用。  '),(426,23,'粉丝','fensi','细粉、线粉、丝粉、古称索粉','335大卡（100克）','一般人群均可食用。'),(427,23,'魔芋','moyu_1','素鲍鱼丝','12大卡（100克）','魔芋具有不被人体消化吸收的特性，能使人有饱足感而不想再进食，减少食量、降低热量摄取，间接达到热量控制、辅助减重的效果。 魔芋有高水分、低热量的特点，在营养学上扮演着膳食纤维的角色。魔芋含有丰富水溶性纤维，人类的消化系统没有能力将它消化和吸收，由于它能帮助肠胃的蠕动，在日本有“胃肠清道夫”之称。'),(428,23,'籼米粉','shanmifen','籼米粉','米线、米粉','一般人均可食用。'),(429,23,'米粉','mifen','米粉','346大卡（100克）','适用于一般人群。'),(430,24,'乳酪','rulao','乳酪','100大卡（100克）','适用于一般人群。'),(431,24,'牛奶','niunai','牛乳','54大卡（100克）','一般人群均可食用。 脱脂奶适合老年人、血压偏高的人群；高钙奶适合中等及严重缺钙的人、少儿、老年人、易怒、失眼者以及工作压力大的女性；'),(432,24,'黄油','huangyou','牛油，黄油','744大卡（100克）','适用于一般人群。'),(433,24,'酸奶','suannai','酸牛奶','72大卡（100克）','一般人群均可食用。适宜身体虚弱，气血不足，营养不良，肠燥便秘之人食用；适宜高胆固醇血症，动脉硬化，冠心病，脂肪肝患者食用；适宜癌症患者，尤其是消化道癌症病人食用；适宜皮肤干燥之人食用，也可作为美容食品食用；妇女长期适量饮用酸牛奶，可使皮肤滋润、细腻、有光泽。'),(434,25,'豌豆','wandou','回回豆','105大卡（100克可食部分）','一般人群均可食用'),(435,25,'豇豆','gangdou','角豆、带豆、豆角、裙带豆','29大卡（100克可食部分）','一般人群均可食用。 尤其适合糖尿病、肾虚、尿频、遗精及一些妇科功能性疾病患者多食。'),(436,25,'黄豆','huangdou','大豆、黄大豆、枝豆、菜用大豆','359大卡（100克）','一般人群均可食用 大豆是更年期妇女、糖尿病和心血管病患者的理想食品；脑力工作者和减肥的朋友也很适合。'),(437,25,'红豆','hongdou','红小豆、红饭豆、米赤豆、赤豆、朱小豆、红豆','309大卡（100克）','一般人群均可食用 适宜各类型水肿之人，包括肾脏性水肿、心脏性水肿、肝硬化腹水、营养不良性水肿等，如能配合乌鱼、鲤鱼或黄母鸡同食，消肿力更好；适宜产后缺奶和产后浮肿，可单用赤小豆煎汤喝或煮粥食；适宜肥胖症之人食用。'),(438,25,'荷兰豆','helandou','软荚豌豆、带荚豌豆、甜豆、荷仁豆、回回豆、青斑、麦豆、菜豌豆','27大卡（100克可食部分）','一般人群均可食用。尤适宜糖尿病患者、产后乳汁不下的妇女。'),(439,25,'毛豆','maodou','枝豆、菜用大豆','123大卡（100克可食部分）','一般人群均可食用。'),(440,25,'绿豆','lvdou','青小豆、植豆、交豆','316大卡（100克）','一般人群均可食用。适宜中毒者、眼病患者、高血压患者、水肿患者、红眼病患者食用。'),(441,25,'蚕豆','candou','蚕豆','335大卡（100克）','一般人都可食用。老人、考试期间学生、脑力工作者、高胆固醇、便秘者可以多食用。'),(442,25,'豆腐','doufu','豆腐','81大卡（100克）','一般人群均可食用。豆腐是老人、孕、产妇的理想食品，也是儿童生长发育的重要食物；豆腐也对更年期、病后调养，肥胖、皮肤粗糙很有好处；脑力工作者、经常加夜班者也非常适合食用。'),(443,25,'南豆腐','nandoufu','嫩豆腐、软豆腐','81大卡（100克）','一般人群均可食用。 豆腐是老人、孕、产妇的理想食品，也是儿童生长发育的重要食物；豆腐也对更年期、病后调养，肥胖、皮肤粗糙很有好处；脑力工作者、经常加夜班者也非常适合食用。'),(444,25,'北豆腐','beidoufu','软玉','98大卡（100克）','一般人群均可食用。 豆腐是老人、孕、产妇的理想食品，也是儿童生长发育的重要食物；豆腐也对更年期、病后调养，肥胖、皮肤粗糙很有好处；脑力工作者、经常加夜班者也非常适合食用。'),(445,25,'冻豆腐','dongdoufu','冻豆腐','81大卡（100克）','一般人群均可食用。豆腐是老人、孕、产妇的理想食品，也是儿童生长发育的重要食物；豆腐也对更年期、病后调养，肥胖、皮肤粗糙很有好处；脑力工作者、经常加夜班者也非常适合食用。'),(446,25,'腐竹','fuzhu','支竹、甜竹、腐筋','459大卡（100克）','一般人群均可食用。'),(447,25,'豆皮','doupi','百片、腐衣、豆腐皮','409大卡（100克）','一般人皆可食用 1. 适宜身体虚弱，营养不良，气血双亏，年老赢瘦之人食用；适宜高脂血症，高胆固醇，肥胖者及血管硬化者食用； 2. 平素脾胃虚寒，经常腹泻便溏之人忌食。'),(448,25,'豆浆','doujiang','豆浆','14大卡（100克）','一般人群均可食用。特别适合女性和老人。'),(449,25,'香干','xianggan','香干','153大卡（100克）','一般人群均可食用。'),(450,25,'红腰豆','hongyaodou','红腰豆','125大卡（100克）','健康体质平和质，气虚体质，阳虚体质，瘀血体质。'),(451,25,'油豆腐','youdoufu','油豆腐','244大卡（100克）','一般人皆可食用。'),(452,25,'素鸡','suji','素鸡','192大卡（100克）','一般人群均可食用'),(453,25,'豆腐脑','doufunao','豆腐脑','15大卡（100克）','一般人群均可食用。适宜中老年体质虚弱，营养不良之人，以及青少年儿童食用；适宜老年慢性支气管炎，虚劳咳嗽，痰火哮喘之人，或老人便秘者食用；适宜身体衰弱而又患有心血管疾病，如高血压、冠心病之人食用；糖尿病患者亦宜；'),(454,25,'黑豆','heidou','黑大豆、乌豆、橹豆、马料豆、料豆、零乌豆、冬豆子','381大卡（100克）','一般人群均可食用。适宜脾虚水肿、脚气浮肿者食用；适宜体虚之人及小儿盗汗、自汗，尤其是热病后出虚汗者食用；适宜老人肾虚耳聋、小儿夜间遗尿者食用；适宜妊娠腰痛或腰膝酸软、白带频多、产后中风、四肢麻痹者食用。'),(455,25,'芸豆','yundou','菜豆、花豆','25大卡（100克可食部分）','一般人群均可食用。尤其适宜心脏病、动脉硬化、高血脂、低血钾症和忌盐患者食用。'),(456,25,'油豆皮','youdoupi','油豆皮','57大卡（100克）','一般人均可食用。'),(457,26,'鸡蛋','jidan','鸡子、鸡卵','144大卡（100克可食部分）','一般人均可食用。适宜体质虚弱，营养不良，贫血及妇女产后病后调养； 适宜婴幼儿发育期补养。'),(458,26,'鸭蛋','yadan','鸭卵','180大卡（100克可食部分）','一般人群均可食用.适宜肺热咳嗽．咽喉痛，泄痢之人食用。'),(459,26,'咸鸭蛋','xianyadan','盐蛋、腌蛋、味蛋','190大卡（100克可食部分）','一般人均可食用，是阴虚火旺者的食疗补品。'),(460,26,'鹌鹑蛋','anchundan','鹑鸟蛋、鹌鹑卵','160大卡（100克可食部分）','一般人群均可食用。 1.适宜婴幼儿，孕产妇、老人、病人及身体虚弱的人食用。最适合体质虚弱，营养不良，气血不足者和少年儿童生长发育者食用。 2.肺气虚弱所致的支气管哮喘、肺结核、神经衰弱者也宜食。 3.胃气不足的胃病患者宜食。 4.尤为适合心血管病患者'),(461,26,'皮蛋','pidan','皮蛋','200大卡（100克）','一般人群均可食用。尤适宜火旺者。'),(462,26,'卤蛋','ludan','卤蛋','138大卡（100克）','一般人均可食用。'),(463,26,'鹅蛋','edan','鹅蛋','196大卡（100克可食部分）','一般人均可食用。尤适宜老年人、儿童、体虚、贫血者。'),(464,26,'咸蛋黄','xiandanhuang','咸蛋黄','378大卡（100克）','胆固醇含量较高，不宜过多食用。'),(465,26,'蛋清','danqing','鸡蛋白','60大卡（100克）','一般人都可食用；患高热、腹泻、肝炎、肾炎、胆囊炎及胆结石的人应忌食或少食为好。 婴儿不宜吃鸡蛋清：6个月以前婴儿的消化系统发育尚不完善，肠壁的通透性较高，鸡蛋清中的蛋白为白蛋白，分子小，可以经肠壁直接进入血液之中，这种异体蛋白为抗原，可使婴儿体内产生抗体，再次接触这种异体蛋白时，则出现过敏反应与变态反应性疾病，如湿疹、荨麻疹、过敏性肠炎、喘息性支气管炎。'),(466,27,'牛至','niuzhi','牛至','0大卡（100克）','一般人均可食用。'),(467,27,'茴香','huixiang','香丝菜、茴香菜、小茴香','24大卡（100克可食部分）','所有人群均可食用。适宜痉挛疼痛者、白细胞减少症患者。'),(468,27,'罗勒','luole','千层塔、七层塔、零陵菜、熏草、蕙草、西王母菜、罗勒、铃子香','18大卡（100克）','药用时气虚血燥者慎服。'),(469,27,'薄荷','bohe','香花菜、绿薄荷、夜兰香、夜来香、月见草','24大卡（100克）','一般人群均可食用。尤适宜外感风热，头痛目赤，咽喉肿痛者宜食；口疮口臭，牙龈肿痛，以及风热瘙痒者。'),(470,27,'姜','jiang','生姜、黄姜、均姜','41大卡（100克可食部分）','久服积热，损阴伤目；阴虚、内有实热、患痔疮者忌食；高血压病人慎食。'),(471,27,'咖喱粉','galifen','咖喱粉','415大卡（100克）','一般人群均可食用'),(472,27,'芥末','jiemo','芥末','100大卡（100克）','一般人均可食用。高血脂患者、高血压患者、心脏病患者、食欲不振者适宜食用。'),(473,27,'迷迭香','midiexiang','迷迭香','100大卡（100克）','一般人群均可食用'),(474,27,'胡椒粉','hujiaofen','胡椒粉','357大卡（100克）','一般人群均可食用消化道溃疡、咳嗽咯血、痔疮、咽喉炎症、眼疾患者慎食。'),(475,27,'大蒜','dasuan','蒜头、大蒜头、胡蒜、葫、独蒜、独头蒜','126大卡（100克可食部分）','一般人都可食用。1. 大蒜辛温，多食生热，且对局部有刺激，阴虚火旺、目口舌有疾者忌食；患有胃溃疡、十二指肠溃疡、肝病以及阴虚火旺者忌用；眼病患者在治疗期间，应当禁食蒜和其他刺激性食物，否则将影响疗效；同时大蒜不宜食用过多容易引起动火，耗血，有碍视力，有些长期过量吃大蒜的人，到了五六十岁，会逐渐感到眼睛视物模糊不清、视力明显下降、耳鸣、口干舌燥、头重脚轻、记忆力明显下降等，这就是长期嗜食大蒜的后果，故民间有“大蒜百益而独害目”之说。2. 大蒜特别适宜肺结核、癌症、高血压、动脉硬化患者。'),(476,27,'花椒','huajiao','大椒、蜀椒、点椒','258大卡（100克）','一般人群均能食用，孕妇，阴虚火旺者忌食。'),(477,27,'八角','bajiao','大茴香、大料','195大卡（100克）','一般人群均可食用1. 适宜痉挛疼痛者、白细胞减少症患者食用；2. 不适宜阴虚火旺者食用。'),(478,27,'辣椒粉','lajiaofen','辣椒粉','203大卡（100克）','一般人群均可食用'),(479,27,'十三香','shisanxiang','十三香','215大卡（100克）','一般人群均可食用'),(480,27,'葱姜蒜','congjiangsuan','葱姜蒜','300大卡（100克）','一般人群均可食用'),(481,28,'老干妈','laoganma','老干妈','100大卡（100克）','一般人群均可食用'),(482,28,'海鲜酱','haixianjiang','调料、酱汁、Hoi Sin Sauce','221大卡（100克）','一般人群均可食用'),(483,28,'牛肉酱','niuroujiang','牛肉酱','488大卡（100克）','一般人群均可食用'),(484,28,'花生酱','huashengjiang','花生酱','594大卡（100克）','一般人群均可食用'),(485,29,'橄榄油','ganlanyou','橄榄油','899大卡（100克）','适合所有人食用。'),(486,29,'菜籽油','caiziyou','菜子油、菜油、油菜籽油、芸苔油、香菜油','899大卡（100克）','一般人皆能食用。 1. 有冠心病、高血压的患者还是应当注意少吃。'),(487,29,'色拉油','selayou','沙拉油 ','898大卡（100克）','所有人都能食用。'),(488,29,'玉米油','yumiyou','玉米油','895大卡（100克）','所有人都能食用。'),(489,29,'香油','xiangyou','芝麻油、麻油','898大卡（100克）','所有人都能食用。'),(490,29,'油','you','油','898大卡（100克）','所有人都能食用。'),(491,29,'蚝油','haoyou','调料、酱汁、Oyster Cocktail','114大卡（100克）','所有人都能食用。'),(492,29,'植物油','zhiwuyou','植物油','899大卡（100克）','所有人都能食用。'),(493,29,'花生油','huashengyou','花生油','899大卡（100克）','所有人都能食用。'),(494,30,'白砂糖','baishatang','CHELSEA White Sugar','407大卡（100克）','一般人群均可食用。尤适宜低血糖患者、孕妇。'),(495,30,'绵白糖','mianbaitang','绵白糖','396大卡（100克）','一般人群均可食用。 1.糖尿病患者、平素痰湿偏重者、肥胖者应忌食。 2.老年人、高血压、动脉硬化、冠心病患者不宜多食。 3.晚上睡前不宜多食。'),(496,30,'红糖','hongtang','土红糖、红糖','389大卡（100克）','一般人群均可食用。尤适宜月经不调、产后妇女；年老体弱、大病初愈者。'),(497,30,'糖粉','tangfen','糖粉','30大卡（100克）','一般人群均可食用。'),(498,30,'椰蓉','yerong','椰蓉','684大卡（100克）','一般人群均可食用。'),(499,30,'糖','tang','糖','396大卡（100克）','老幼皆宜，糖尿病患者除外'),(500,30,'白糖','baitang','白糖','396大卡（100克）','老少皆宜；肺虚咳嗽，口干燥渴，以及醉酒者宜食；低血糖病人宜食。'),(501,30,'细砂糖','xishatang','砂糖、石蜜、白霜糖','400大卡（100克）','一般人群均可食用'),(502,30,'砂糖','shatang','砂糖','400大卡（100克）','一般人群均可食用');
/*!40000 ALTER TABLE `materialtwo` ENABLE KEYS */;
UNLOCK TABLES;

--
-- Table structure for table `message`
--

DROP TABLE IF EXISTS `message`;
/*!40101 SET @saved_cs_client     = @@character_set_client */;
/*!40101 SET character_set_client = utf8 */;
CREATE TABLE `message` (
  `id` int(11) NOT NULL AUTO_INCREMENT,
  `writer_id` int(11) NOT NULL,
  `receiver_id` int(11) NOT NULL,
  `content` text NOT NULL,
  `timestamp` varchar(64) NOT NULL,
  PRIMARY KEY (`id`),
  KEY `FK38EB00077DCA0CE7` (`receiver_id`),
  KEY `FK38EB0007A75713E3` (`writer_id`),
  CONSTRAINT `FK38EB00077DCA0CE7` FOREIGN KEY (`receiver_id`) REFERENCES `user` (`id`),
  CONSTRAINT `FK38EB0007A75713E3` FOREIGN KEY (`writer_id`) REFERENCES `user` (`id`),
  CONSTRAINT `message_ibfk_1` FOREIGN KEY (`writer_id`) REFERENCES `user` (`id`),
  CONSTRAINT `message_ibfk_2` FOREIGN KEY (`receiver_id`) REFERENCES `user` (`id`)
) ENGINE=InnoDB AUTO_INCREMENT=14 DEFAULT CHARSET=utf8;
/*!40101 SET character_set_client = @saved_cs_client */;

--
-- Dumping data for table `message`
--

LOCK TABLES `message` WRITE;
/*!40000 ALTER TABLE `message` DISABLE KEYS */;
INSERT INTO `message` VALUES (1,1,6,'你上传的食谱很赞哦!','2017-03-29 15:35:38'),(2,2,6,'请问最近还有食谱更新吗？','2017-04-12 12:25:38'),(3,3,6,'能不能推荐一些牛羊肉的做法','2017-02-29 11:12:28'),(4,4,6,'蔬菜类吃什么比较健康，您知道吗','2017-03-31 15:15:38'),(5,5,6,'日料韩料可以上传上传吗','2017-04-14 14:55:28'),(6,7,6,'三文鱼刺身您会做吗','2017-04-19 18:35:38'),(7,8,6,'上次按照你的食谱做了，味道很好哦','2017-02-11 16:35:28'),(8,9,6,'很棒的美食家','2017-04-12 12:35:18'),(9,10,6,'看你收藏的食谱也是很有食欲呢！','2017-04-18 15:35:38'),(10,12,9,'你上传的腊八粥真的是老少皆宜呢！','2017-04-18 04:43:51'),(11,4,5,'推荐几种健康的蔬菜类食物可以吗','2017-04-18 07-11-51'),(12,4,10,'电饭煲煮肉 看不到汤汁多少 煮糊了 锅可难洗','2017-04-18 07-50-39'),(13,9,10,'前一天晚上锅里放满水第二天就很好洗了','2017-04-18 08-00-17');
/*!40000 ALTER TABLE `message` ENABLE KEYS */;
UNLOCK TABLES;

--
-- Table structure for table `messagereply`
--

DROP TABLE IF EXISTS `messagereply`;
/*!40101 SET @saved_cs_client     = @@character_set_client */;
/*!40101 SET character_set_client = utf8 */;
CREATE TABLE `messagereply` (
  `id` int(11) NOT NULL AUTO_INCREMENT,
  `writer_id` int(11) NOT NULL,
  `receiver_id` int(11) NOT NULL,
  `message_id` int(11) NOT NULL,
  `content` text NOT NULL,
  `timestamp` varchar(64) NOT NULL,
  PRIMARY KEY (`id`),
  KEY `FKB45CFF437DCA0CE7` (`receiver_id`),
  KEY `FKB45CFF43A75713E3` (`writer_id`),
  KEY `FKB45CFF43F642A309` (`message_id`),
  CONSTRAINT `FKB45CFF437DCA0CE7` FOREIGN KEY (`receiver_id`) REFERENCES `user` (`id`),
  CONSTRAINT `FKB45CFF43A75713E3` FOREIGN KEY (`writer_id`) REFERENCES `user` (`id`),
  CONSTRAINT `FKB45CFF43F642A309` FOREIGN KEY (`message_id`) REFERENCES `message` (`id`),
  CONSTRAINT `messagereply_ibfk_1` FOREIGN KEY (`writer_id`) REFERENCES `user` (`id`),
  CONSTRAINT `messagereply_ibfk_2` FOREIGN KEY (`receiver_id`) REFERENCES `user` (`id`),
  CONSTRAINT `messagereply_ibfk_3` FOREIGN KEY (`message_id`) REFERENCES `message` (`id`)
) ENGINE=InnoDB AUTO_INCREMENT=11 DEFAULT CHARSET=utf8;
/*!40101 SET character_set_client = @saved_cs_client */;

--
-- Dumping data for table `messagereply`
--

LOCK TABLES `messagereply` WRITE;
/*!40000 ALTER TABLE `messagereply` DISABLE KEYS */;
INSERT INTO `messagereply` VALUES (1,6,1,1,'谢谢','2017-03-30 12:35:38'),(2,6,2,2,'暂时没有','2017-03-30 12:35:38'),(3,6,3,3,'不太擅长不好意思','2017-04-18 11:25:38'),(4,6,4,4,'小白菜娃娃菜都很好','2017-04-30 17:25:38'),(5,6,5,5,'不太擅长不好意思','2017-04-20 19:25:38'),(6,6,7,6,'谢谢','2017-04-29 19:45:38'),(7,6,8,7,'谢谢','2017-04-27 16:55:38'),(8,6,9,8,'谢谢','2017-04-30 14:25:38'),(9,6,10,9,'谢谢，我会继续更新的','2017-04-19 12:35:38'),(10,11,9,13,'二楼真理','2017-04-18 20:05:37');
/*!40000 ALTER TABLE `messagereply` ENABLE KEYS */;
UNLOCK TABLES;

--
-- Table structure for table `recipe`
--

DROP TABLE IF EXISTS `recipe`;
/*!40101 SET @saved_cs_client     = @@character_set_client */;
/*!40101 SET character_set_client = utf8 */;
CREATE TABLE `recipe` (
  `id` int(11) NOT NULL AUTO_INCREMENT,
  `title` varchar(64) NOT NULL,
  `owner_id` int(11) NOT NULL,
  `collectednum` int(11) DEFAULT '0',
  `likednum` int(11) DEFAULT '0',
  `commentednum` int(11) DEFAULT '0',
  `difficulty` varchar(64) NOT NULL,
  `time` varchar(64) NOT NULL,
  `timestamp` varchar(64) NOT NULL,
  `description` text,
  `note` text,
  PRIMARY KEY (`id`),
  KEY `FKC846558E5E3E1DA3` (`owner_id`),
  CONSTRAINT `FKC846558E5E3E1DA3` FOREIGN KEY (`owner_id`) REFERENCES `user` (`id`),
  CONSTRAINT `recipe_ibfk_1` FOREIGN KEY (`owner_id`) REFERENCES `user` (`id`)
) ENGINE=InnoDB AUTO_INCREMENT=16 DEFAULT CHARSET=utf8;
/*!40101 SET character_set_client = @saved_cs_client */;

--
-- Dumping data for table `recipe`
--

LOCK TABLES `recipe` WRITE;
/*!40000 ALTER TABLE `recipe` DISABLE KEYS */;
INSERT INTO `recipe` VALUES (1,'黄金南瓜蒸肉丸',1,1,0,0,'配菜(中级)','10-30分钟','2017-3-9 19:44','将南瓜剁碎了跟肉末混合，做成黄金肉丸，味道自然多了一份清甜，加上用清蒸的做法，更保留了原汁原味，这样南瓜的营养也保留下来了。其实一直觉得，南瓜是最适合蒸着吃的，营养破坏最少。这次做的黄金南瓜肉丸，除了肉的鲜味，还有南瓜和胡萝卜的清甜，口感和味道都很不错。','**如果选用的南瓜太水，剁碎之后要沥干水分。<br/>**鸡蛋打进肉馅之后，一定要用筷子用力搅拌，使肉馅紧致并产生粘性。<br/>**在肉丸下面垫上一片胡萝卜，可以防止粘锅并起到固定作用，样子也更好看。<br/>**如果想吃味道更浓郁一些的，也可以在肉馅中加入少量生抽。不要加老抽，不然蒸完后颜色会太深。'),(2,'夏日开胃必备——酸菜鱼',2,1,0,0,'配菜(中级)','10-30分钟','2017-3-9 20:24','酸菜鱼是一道源自山城重庆的经典川菜，以其特有的调味和独特的烹调技法而著称，各地也有称之为“酸汤鱼”，主要以鲜草鱼为主料，配以四川泡菜煮制而成，口味酸辣可口。酸菜鱼流行于上世纪90年代，也是重庆江湖菜的开路先锋之一。',NULL),(3,'迷你早餐烧卖',3,1,0,0,'配菜(中级)','10-30分钟','2017-3-9 20:54','用饺子皮做快速营养早餐。','1、用饺子皮做起来比较快速，如果不喜欢饺子皮可以自制面皮。<br/>2、蒸之前抹点油是为了防止蒸出来的皮发硬。'),(4,'卤肉饭',4,2,0,1,'切墩(初级)','30-60分钟','2017-3-9 21:04','小家伙昨天就吵吵要吃卤肉饭，于是今儿就给她做了。。这么满满一碗都吃了，一个小时前在幼儿园吃的晚饭都哪儿去了？简直是用绳命证明了她是卤肉饭死忠粉~~',NULL),(5,'嫩滑豆腐',5,3,0,0,'切墩(初级)','10-30分钟','2017-3-9 21:29','这道菜做过N次了，零失误，嫩嫩的豆腐和爽滑的汁液一起入口，棒呆棒爆了。一菜三吃，当菜、当饭、当汤均美味可口。','豆瓣酱1勺刚刚好，不用放盐，淡口的可不放辣椒。'),(6,'香菇鸡肉粥',6,1,0,0,'切墩(初级)','10-30分钟','2017-3-11 09:46',NULL,NULL),(7,'黄瓜苹果纤体饮',7,1,0,0,'切墩(初级)','10分钟左右','2017-3-11 10:07','黄瓜富含钾，可以排除体内多余水分，且清热解毒。\n苹果所含的膳食纤维和果胶能清除体内毒素能清除牙齿间的污垢，富含的维生素C，有助于消斑保持皮肤的细嫩红润。\n此款果蔬汁可以去油腻，具有瘦身减肥，滋润肌肤的功效。\n是减肥人士可常饮用的瘦身美容佳品。','加入少许柠檬汁，既能可防止果汁变色，也可使维生素Ｃ免遭破坏。<br/>早上空腹饮用减肥效果更加。'),(8,'香辣海带丝',8,1,0,0,'切墩(初级)','10分钟左右','2017-3-11 10:26','海带中含有褐藻氨酸，有预防白血病和胃癌的功能，可以降血压、降血脂，对动脉出血亦有止血作用。\n海带是预防心脑血管病的有效食品\n海带中含有丰富的岩藻多糖、昆布素，这些物质均有类似肝素的活性，能防止血栓和因血液黏稠度增高而引起的血压升高，同时又有降低脂蛋白、胆固醇，抑制动脉粥样硬化以及防癌抗癌作用\n海带中含有丰富的纤维素，在人体肠道中好比是“清道夫”，能够及时地清除肠道内废物和毒素，因此，可以有效地防止直肠癌和便秘的发生\n海带富含多种无机盐及胡萝卜素，是低脂肪海藻等的佳蔬，是老年人的长寿菜。常吃海带既能有效地预防白血病、癌症，又能预防动脉硬化、降血脂、降血压、防止甲状腺功能障碍等',NULL),(9,'江南风味的咸鲜腊八粥',9,1,0,0,'配菜(中级)','1小时以上','2017-3-11 10:44','腊八粥虽是美味的时令佳肴。也可以作为日常生活的营养美食，或甜或咸，或荤或素，选料也可依己口味自行酌定。在寒冷的冬季吃一碗热气腾腾的腊八粥，既可口又营养，确实能增福增寿呢。\n咸鲜味的腊八粥除了一般用大米、豆类、果仁作原料，大都还添加蔬菜、瓜果、肉类、海鲜等，相比甜味的腊八粥热量更低，更受高血糖和减肥人士的青睐。',NULL),(10,'电饭锅版整鸡',10,1,0,0,'配菜(中级)','30-60分钟','2017-3-11 11:06','最喜欢大块手撕着吃肉，这个整鸡是我家吃了好多年的美食，以前家里没有烤箱，想吃鸡就用电饭锅做，非常的方便。后来有了烤箱后试了几次，还是觉得电饭锅做的更好吃，特别的香嫩，那个味道烤箱是做不出来的。做法也是非常的简单，只要食材对了，做出来的整鸡绝对的能镇得住场面，过年过节、宴客还倍儿有面子，不信你试试，保证你一次就爱上它！','1 食材里的酱油、花生油、米酒的比例是1：1：1，其中酱油的作用是让鸡更红润诱人，所以老抽和生抽的比例要掌握好：老抽和生抽比例是1:3，弄反了这只鸡颜色就太黑了<br/>2 花生油的量介意的可以稍微减点，但不建议减太多，另外尽量用花生油，这样的味道更香<br/>3 喜欢吃鸡皮焦一点的可以再次按煮饭键，中途看着点，合适即可出锅'),(11,'蜜汁排骨',11,0,0,0,'切墩(初级)','10分钟左右','2017-04-20 20:48:54','体检时抽了很大一管血，看着我都头晕，早上就提前腌好的排骨放入冰箱， 做道“蜜汁排骨”等着晚上回去补补。 由于煤气灶还未安装到位，就来个电饭煲版吧。\r\n\r\n其实这道菜做起来很简单， 第一将排骨腌制入味， 腌制的时间长些更容易入味；需要提醒注意是一定要加点蜂蜜， 不仅味道更好， 而且让排骨上色； 第二是放入电饭煲中煮时一定来连同腌制的调味汁一起放入，如果水不能没过原材料， 可以适量加点水， 按下煮饭键就行了；最后煮好的排骨倒入锅中收汁， 注意这时如果需要可以适量再加点盐调味，汁完全收干后排骨中的油脂会跑出来， 再将排骨煎得表面微微发焦就可以了。 \r\n\r\n这色泽红亮、软烂干香、口味微甜的排骨，咬上一根， 很过瘾， 哈哈， 别客气， 一起来品尝吧。','1. 排骨先要加入盐、姜蒜、叉烧酱、生抽和蜂蜜等腌制放入冰箱中腌制两个小时以上， 希望颜色更红亮些可以加入点番茄酱；\r<br/>2. 腌制好的排骨连同腌制时的料汁一起放入电饭煲中煮熟， 不需要照看， 也很容易掌握排骨的成熟度；\r<br/>3. 煮好的排骨放入锅中， 捞出姜等大料后大火收汁， 收到最后你会发现汤汁都没有了，同时排骨中的部分油脂被煸出，这时的口感会好，有微微的嚼劲； 但如果老人小孩牙口不好，就在汁收到一半时加入点水淀粉，勾成薄芡，这样做出的排骨口感更软一些。'),(12,'湖南小炒肉',11,2,0,0,'切墩(初级)','10-30分钟','2017-04-20 21:13:09','小炒肉是湖南省一道常见的特色传统名菜，属于湘菜系。酸辣鲜香，口味滑嫩。\r\n主要食材是五花肉和青椒、红椒，主要烹饪工艺是炒。\r\n蔚领的“C”即“Cross”的英文缩写，意为“穿越、横跨、跨界”之意，一方面喻示着蔚领这款车型跨界融合了轿车、SUV和旅行车的设计，既可满足日常用车需求，又可满足全家人一起去旅行的需求，另一方面，也表明蔚领这款车型勇于探索、敢于超越的精神。\r\n喜欢天空的颜色，对于蔚领期待能出一款天空蓝的颜色，驾驶着蔚领边吃边旅行','湖南农家小炒肉一般选用肉质比较细嫩的猪肉，最好是“隔纱”五花肉，用青椒、豆豉爆炒。\r<br/>辣椒最好选用头部尖、比较辣的青椒；嗜辣者亦可依个人喜好加入干尖椒或者剁辣椒的。\r<br/>好吃的小炒肉细嫩、有着青椒、瘦肉和豆豉的油香但是绝不腻人。做好这个菜，食材第一，火候第二，突出到酸辣、香鲜、软嫩的品味，是最能见湘菜水平的家常菜。'),(13,'春季养生瘦身快手菜',11,0,0,0,'切墩(初级)','10分钟左右','2017-04-23 10:05:10','莴笋别名春菜,可见它是春季的代表蔬菜之一，其口感爽脆，怎么作都很好吃。分享一道鸡蛋炒莴笋，颜色明亮，让人很有食欲，味道鲜美，充满了春的味道。','1.莴笋不要切太薄，有点点厚度会更加爽脆。\r<br/>2.莴笋是比较易熟的蔬菜，不用炒太久，炒太老会影响它爽脆的口感。\r<br/>3.未经作者允许，请勿转载，禁止一切形式的盗图。谢谢。'),(14,'香辣牛筋',12,1,0,1,'配菜(中级)','1小时以上','2017-04-23 16:58:43','特别喜欢吃带筋的食物，因为它们含有大量的、丰富的胶原蛋白质，不仅能够美容嫩肤，而且还能强筋健骨。在众多富含胶质的食物中牛筋是最爱（不要笑我，因为比起其它带筋的骨头比起来简直就是口口是肉呀）。\r\n\r\n不过话也说回来，蹄筋向来为筵席上品，食用历史悠久，它口感淡嫩不腻，质地犹如海参，故有俗语说：\"牛蹄筋，味道赛过参。”牛筋含丰富的胶原蛋白质，脂肪含量也比肥肉低，并且不含胆固醇；能增强细胞生理代谢，使皮肤更富有弹性和韧性，延缓皮肤的衰老；同时有强筋壮骨之功效，对腰膝酸软、身体瘦弱者有很好的食疗作用；也有助于青少年生长发育和减缓中老年骨质疏松的速度。\r\n\r\n今天用它做了道“香辣牛筋”，先将牛筋卤制熟（虽然也有现成的半成品，还是自己做安全放心），再加入非常辣的青红双椒，不费多大的功夫，一道味道色泽金红软烂红润、咸鲜味醇、香辣可口的美味佳肴就端上桌了，真的是入口爽滑、嚼劲无穷、香辣过瘾，那感觉，真让人难以忘却，来一起尝尝吧。','1. 买了的牛筋清洗干净后，加入八角、桂皮、香叶、花椒、干辣椒等大料提前卤制煮，加入点白酒是帮助去腥；\r<br/>2. 卤好的牛筋切成小段，准备与青红椒一起翻炒；如果牛筋是提前卤制的已经变硬可以适量加入卤汁煮一下，这样牛筋会变得很软，口感很有弹性； 青红椒不要炒时间过长；\r<br/>3. 家里如果没有那么多大料，就只需基本的八角、桂皮、花椒和干辣椒即可。'),(15,'微波炉烤茄子',7,0,0,0,'切墩(初级)','10分钟左右','2017-04-24 16:43:01','最近温度一天高过一天，工作室每天都有同事要因为天气嚎叫一番。尽管开了空调，但大家的饭量都明显缩小了，特别是我公司的后期狗们，生活没有了食欲支撑，每天个个都生无可恋。\r\n\r\n大鱼大肉吃不下，蔬菜口味太清淡不下饭。其实不止吃饭的问题，就算想去做个饭，守在炉灶旁的温度也实在太令人烦躁。直到翻到了【微波炉烤茄子】这道菜。\r\n\r\n调味后的蒜香四溢，连不爱吃蒜的女生都停不下来。一盘烤茄子端出，香气扑鼻，筷子夹起一丝柔软的茄肉，仿佛会融化在嘴里。要说比肉更可口的蔬菜，几乎找不到比这道菜更贴切的了。',NULL);
/*!40000 ALTER TABLE `recipe` ENABLE KEYS */;
UNLOCK TABLES;

--
-- Table structure for table `recipe_material`
--

DROP TABLE IF EXISTS `recipe_material`;
/*!40101 SET @saved_cs_client     = @@character_set_client */;
/*!40101 SET character_set_client = utf8 */;
CREATE TABLE `recipe_material` (
  `id` int(11) NOT NULL AUTO_INCREMENT,
  `recipe_id` int(11) NOT NULL,
  `second_id` int(11) NOT NULL,
  PRIMARY KEY (`id`),
  KEY `FK20FEA0B8D0F54A6B` (`recipe_id`),
  KEY `FK20FEA0B83F7D73BA` (`second_id`),
  CONSTRAINT `FK20FEA0B83F7D73BA` FOREIGN KEY (`second_id`) REFERENCES `materialtwo` (`id`),
  CONSTRAINT `FK20FEA0B8D0F54A6B` FOREIGN KEY (`recipe_id`) REFERENCES `recipe` (`id`),
  CONSTRAINT `recipe_material_ibfk_1` FOREIGN KEY (`recipe_id`) REFERENCES `recipe` (`id`),
  CONSTRAINT `recipe_material_ibfk_2` FOREIGN KEY (`second_id`) REFERENCES `materialtwo` (`id`)
) ENGINE=InnoDB AUTO_INCREMENT=89 DEFAULT CHARSET=utf8;
/*!40101 SET character_set_client = @saved_cs_client */;

--
-- Dumping data for table `recipe_material`
--

LOCK TABLES `recipe_material` WRITE;
/*!40000 ALTER TABLE `recipe_material` DISABLE KEYS */;
INSERT INTO `recipe_material` VALUES (1,1,1),(2,1,144),(3,1,159),(4,1,457),(5,1,480),(6,2,333),(7,2,286),(8,2,480),(9,2,163),(10,2,457),(11,3,392),(12,3,434),(13,3,144),(14,4,3),(15,4,247),(16,4,149),(17,4,480),(18,4,479),(19,4,492),(20,5,442),(21,5,480),(22,5,165),(23,6,389),(24,6,44),(25,6,247),(26,6,480),(27,6,499),(28,7,158),(29,7,78),(30,8,244),(31,8,189),(32,8,165),(33,8,480),(34,8,127),(35,9,389),(36,9,156),(37,9,133),(38,9,247),(39,9,144),(40,9,75),(41,9,480),(42,10,44),(43,10,480),(44,10,493),(45,10,500),(58,11,2),(59,11,470),(60,11,215),(61,11,475),(62,12,3),(63,12,163),(64,12,163),(65,12,499),(66,12,470),(67,13,150),(68,13,210),(69,13,457),(70,13,490),(71,14,470),(72,14,480),(73,14,163),(74,14,163),(75,14,478),(76,14,477),(77,14,136),(78,14,476),(79,15,158),(80,15,78),(81,15,95),(82,15,166),(83,15,474),(84,15,475),(85,15,163),(86,15,478),(87,15,470),(88,15,480);
/*!40000 ALTER TABLE `recipe_material` ENABLE KEYS */;
UNLOCK TABLES;

--
-- Table structure for table `recipe_spice`
--

DROP TABLE IF EXISTS `recipe_spice`;
/*!40101 SET @saved_cs_client     = @@character_set_client */;
/*!40101 SET character_set_client = utf8 */;
CREATE TABLE `recipe_spice` (
  `id` int(11) NOT NULL AUTO_INCREMENT,
  `recipe_id` int(11) NOT NULL,
  `ismain` int(11) NOT NULL DEFAULT '0',
  `spicename` varchar(64) NOT NULL,
  `amount` varchar(64) NOT NULL,
  PRIMARY KEY (`id`),
  KEY `FK6DCCE51DD0F54A6B` (`recipe_id`),
  CONSTRAINT `FK6DCCE51DD0F54A6B` FOREIGN KEY (`recipe_id`) REFERENCES `recipe` (`id`),
  CONSTRAINT `recipe_spice_ibfk_1` FOREIGN KEY (`recipe_id`) REFERENCES `recipe` (`id`)
) ENGINE=InnoDB AUTO_INCREMENT=193 DEFAULT CHARSET=utf8;
/*!40101 SET character_set_client = @saved_cs_client */;

--
-- Dumping data for table `recipe_spice`
--

LOCK TABLES `recipe_spice` WRITE;
/*!40000 ALTER TABLE `recipe_spice` DISABLE KEYS */;
INSERT INTO `recipe_spice` VALUES (1,1,1,'猪腿肉','200g'),(2,1,1,'胡萝卜','半根'),(3,1,1,'南瓜','150g'),(4,1,1,'鸡蛋','1个'),(5,1,0,'香葱','2根'),(6,1,0,'盐','1勺'),(7,1,0,'料酒','适量'),(8,1,0,'姜','1片'),(9,2,1,'草鱼','1条'),(10,2,1,'泡酸菜','100g'),(11,2,1,'泡椒','30g'),(12,2,1,'姜','10g'),(13,2,1,'葱','5g'),(14,2,1,'蒜子','10g'),(15,2,1,'干辣椒','3个'),(16,2,1,'鸡蛋','1个'),(17,2,1,'白胡椒','5g'),(18,2,1,'料酒','10g'),(19,2,0,'白糖','5g'),(20,2,0,'鸡粉','5g'),(21,3,1,'饺子皮','6片'),(22,3,1,'熟糯米饭','1小碗'),(23,3,1,'豌豆','少量'),(24,3,1,'胡萝卜','少量'),(25,3,0,'猪油','适量'),(26,3,0,'鲜酱油','1汤匙'),(27,3,0,'盐','半小勺'),(28,4,1,'猪五花肉','300g'),(29,4,1,'香菇','8朵'),(30,4,1,'洋葱','半个'),(31,4,0,'蒜','2瓣'),(32,4,0,'香叶','几片'),(33,4,0,'桂皮','1片'),(34,4,0,'植物油','适量'),(35,4,0,'盐','2勺'),(36,4,0,'料酒','少许'),(37,4,0,'十三香','1勺'),(38,4,0,'酱油','少许'),(39,4,0,'冰糖','几块'),(40,5,1,'嫩豆腐','1块'),(41,5,1,'郫县豆瓣酱','1勺'),(42,5,1,'牛肉或猪肉','50g'),(43,5,1,'香葱、蒜','少量'),(44,5,0,'小红椒','2个'),(45,5,0,'淀粉','少量'),(46,6,1,'大米','250g'),(47,6,1,'鸡肉','500g'),(48,6,1,'香菇','250g'),(49,6,0,'小葱','50g'),(50,6,0,'盐','10g'),(51,6,0,'糖','5g'),(52,6,0,'鸡粉','5g'),(53,6,0,'胡椒粉','2g'),(54,6,0,'料酒','3g'),(55,6,0,'水淀粉','3g'),(56,7,1,'黄瓜','1根'),(57,7,1,'苹果','1个'),(58,7,0,'柠檬汁','2滴'),(59,7,0,'纯净水','适量'),(60,8,1,'海带丝','500g'),(61,8,1,'香菜','4棵'),(62,8,1,'红辣椒','2根'),(63,8,1,'葱白','1段'),(64,8,0,'盐','适量'),(65,8,0,'熟芝麻','少许'),(66,8,0,'白糖','适量'),(67,8,0,'鸡精','适量'),(68,8,0,'香油','适量'),(69,8,0,'辣椒油','适量'),(70,8,0,'白醋','适量'),(71,9,1,'大米','500g'),(72,9,1,'山药','1根'),(73,9,1,'栗子','少许'),(74,9,1,'银杏','少许'),(75,9,1,'香菇','适量'),(76,9,1,'胡萝卜','1根'),(77,9,1,'青豆','适量'),(78,9,0,'开洋','适量'),(79,9,0,'火腿','少许'),(80,9,0,'姜丝','少许'),(81,9,0,'料酒','适量'),(82,9,0,'盐','少许'),(83,10,1,'三黄鸡','1只1200g'),(84,10,0,'葱头','75g'),(85,10,0,'生姜','10g'),(86,10,0,'米酒','1小碗'),(87,10,0,'花生油','1小碗'),(88,10,0,'老抽+生抽(1:3)','1小碗'),(89,10,0,'白糖','2勺'),(90,10,0,'冰糖','2粒'),(151,11,1,'排骨','400克'),(152,11,0,'姜片','适量'),(153,11,1,'西兰花','半颗'),(154,11,0,'大蒜','适量'),(156,11,0,'生抽','适量'),(158,11,0,'料酒','适量'),(160,11,0,'蜂蜜','适量'),(162,11,0,'叉烧酱','适量'),(163,12,1,'五花肉','300克'),(164,12,0,'老抽','2克'),(165,12,1,'青辣椒','2个'),(166,12,0,'料酒','5克'),(167,12,1,'红辣椒','1个'),(168,12,0,'蒜头','3个'),(169,12,0,'糖','2克'),(170,12,0,'姜','5片'),(171,12,0,'醋','5克'),(172,13,1,'莴笋','1棵'),(173,13,0,'盐','适量'),(174,13,1,'鸡蛋','3个'),(175,13,0,'油','适量'),(176,13,0,'淀粉','适量'),(177,14,1,'牛筋','3根'),(178,14,0,'葱姜蒜','适量'),(179,14,1,'青红辣椒','各2个'),(180,14,0,'辣椒粉','1小勺'),(181,14,0,'八角','1个'),(182,14,0,'白果','1个'),(183,14,0,'桂皮','1段'),(184,14,0,'花椒','1小勺'),(185,15,1,'茄子','1根'),(186,15,0,'胡椒粉','适量'),(187,15,1,'大蒜','适量'),(188,15,0,'辣椒粉','适量'),(189,15,0,'生抽','适量'),(190,15,0,'老抽','适量'),(191,15,0,'孜然粉','适量'),(192,15,0,'葱姜蒜','适量');
/*!40000 ALTER TABLE `recipe_spice` ENABLE KEYS */;
UNLOCK TABLES;

--
-- Table structure for table `recipe_step`
--

DROP TABLE IF EXISTS `recipe_step`;
/*!40101 SET @saved_cs_client     = @@character_set_client */;
/*!40101 SET character_set_client = utf8 */;
CREATE TABLE `recipe_step` (
  `id` int(11) NOT NULL AUTO_INCREMENT,
  `recipe_id` int(11) NOT NULL,
  `step` text NOT NULL,
  PRIMARY KEY (`id`),
  KEY `FK7727B2DDD0F54A6B` (`recipe_id`),
  CONSTRAINT `FK7727B2DDD0F54A6B` FOREIGN KEY (`recipe_id`) REFERENCES `recipe` (`id`),
  CONSTRAINT `recipe_step_ibfk_1` FOREIGN KEY (`recipe_id`) REFERENCES `recipe` (`id`)
) ENGINE=InnoDB AUTO_INCREMENT=138 DEFAULT CHARSET=utf8;
/*!40101 SET character_set_client = @saved_cs_client */;

--
-- Dumping data for table `recipe_step`
--

LOCK TABLES `recipe_step` WRITE;
/*!40000 ALTER TABLE `recipe_step` DISABLE KEYS */;
INSERT INTO `recipe_step` VALUES (1,1,'猪腿肉剁成肉末，加入一个鸡蛋和少量料酒，搅打至肉完全把鸡蛋吸收。'),(2,1,'南瓜和3-4片胡萝卜片、2片生姜剁碎，混合在一起。'),(3,1,'把剁碎的南瓜胡萝卜倒入肉末中，加入盐调味。'),(4,1,'所有原料搅拌均匀至紧致有粘性。'),(5,1,'把肉末搓成一个个球形，码在胡萝卜薄片上，摆放在蒸锅内。'),(6,1,'大火蒸12分钟即可出锅，摆放在盘内，可以在肉丸上部撒上一些香葱末。'),(7,1,'成品图'),(8,2,'准备好草鱼一条，去除内脏、鱼鳃、然后由鱼尾部入刀，沿着鱼胸骨向前推动，将鱼切成两半，然后将另一半也如此切法，鱼胸骨自然就切下来了，最后清洗干净鱼肚两侧的黑膜。'),(9,2,'将鱼肚两侧的鱼刺全部切掉。'),(10,2,'将鱼肉由尾部斜刀切片，尽量切薄一些。（如图即可）'),(11,2,'将切好的鱼片用盐、白胡椒、鸡蛋、淀粉、料酒、适量油、抓捏均匀，腌制10分钟。'),(12,2,'将鱼头、鱼骨、全部斩成块，装盘备用。'),(13,2,'泡酸菜洗净，拧干水分，切成粗丝。'),(14,2,'泡椒切段、姜粗丝、蒜子切片、干辣椒切斜片、葱切葱花。'),(15,2,'锅洗净擦干，适量油下锅，放入鱼头、尾、鱼骨，淋入适量料酒、煎炸至两面金黄。'),(16,2,'鱼头、鱼骨煎炸金黄后，放入适量清水，大火烧开，煮至汤汁变奶白色。'),(17,2,'将鱼头、鱼骨等用捞出装进碗里，汤汁装入另一碗里备用。'),(18,2,'少量油下锅，五成热时放入姜、蒜、泡椒、炒至香。'),(19,2,'炒香姜蒜、泡椒后，倒入泡酸菜，继续翻炒。'),(20,2,'泡酸菜炒出香味后，倒入备用一旁的鱼汤。放入适量盐、白糖、鸡粉、胡椒粉、白醋、大火烧开。'),(21,2,'汤汁烧至翻滚之后，倒入腌制好的鱼片，煮2分钟左右即可。'),(22,2,'将煮好的鱼片全部倒入装有鱼头鱼骨的碗里。'),(23,2,' 锅再次洗净，放入适量油、干辣椒小火慢炒至香捞出，倒在鱼片上，撒上葱花，锅内油继续加温，冒青烟后，均匀淋洒在鱼片上即可。'),(24,2,'完成'),(25,3,'材料备好。'),(26,3,'锅加热后放猪油，放入葱白炒香，倒入胡萝卜粒，豌豆翻炒。'),(27,3,'倒入糯米饭，翻炒均匀，放入鲜酱油，盐翻炒均匀可盛出。'),(28,3,' 饺子皮用擀面杖擀成中间厚两边薄。'),(29,3,'包入糯米饭团。'),(30,3,'口收紧后，翻出边。'),(31,3,'烧卖花边涂点油，开水上锅蒸8至10份钟。'),(32,3,'营养美味早餐，迷你烧卖一口一个，搭配一个煎鸡蛋、一碗粥、圣女果。'),(33,4,'选肥瘦相间的带皮下五花肉，洗净，切手指粗的条'),(34,4,'入冷水，焯一下，沥净水份'),(35,4,'准备好各种配料'),(36,4,'热锅热油，下蒜、八角、香叶、桂皮翻炒出香味'),(37,4,'倒入洋葱，炒至边缘泛黄。台式卤肉饭一般用油葱酥，为了节省时间，直接这样操作也可以，不影响味道'),(38,4,'下五花肉，翻炒出油，这样肥肉部分不会腻'),(39,4,'加盐、料酒、生抽、老抽、十三香、冰糖，翻炒均匀'),(40,4,'加稍多的温水，香菇切片一起放入电压力锅中，选择执行肉类程序。这样能使肥肉部分在更短的时间内熟烂，如果肉不烂，肥肉会腥腻'),(41,4,'大约30分钟，完成后连汤带肉倒入铁锅中。这时肥肉部分已经入口即化，不用嚼，舌头一压就碎得滑溜溜的了'),(42,4,'大火收汁，汤汁要留出少许拌饭，也可根据个人喜好搭配焯水的青菜一起吃'),(43,4,' 如果有水煮蛋，放入一起卤至入味即可'),(44,4,' 肥而不腻，洋葱都炖化了，筷子夹的时候，肥肉部分会散开，最好用勺拌饭挖着吃'),(45,5,'将豆腐用盐水泡15分钟，去豆腥，另外不易碎。'),(46,5,'将豆腐切小块，肉切小丁，蒜拍碎切末，小葱切碎，辣椒切小段。'),(47,5,'锅中放油烧至七成热，将肉丁炒至变色。'),(48,5,'放入蒜末、辣椒炒香，再放入1勺郫县豆瓣酱煸出红油。'),(49,5,'加水1大碗大火烧开，转中小火，炖一会滑入豆腐，不要翻炒晃动锅子即可，炖3分钟。'),(50,5,'将淀粉按1比3和水的比例混合，分3次加入锅中，这样味道更美哦! 放少许鸡精，收汁入盘。'),(51,5,'最后洒上香葱碎。个人喜欢稍稀点的，豆腐和汤一起入口，味道简直爆了!'),(52,6,'准备食材：大米'),(53,6,'鸡肉香菇洗净待用'),(54,6,'鸡肉切丝放入少许料酒，盐，胡椒粉，鸡粉，水淀粉腌制备用'),(55,6,'香菇切丝'),(56,6,'小葱切碎，姜切丝'),(57,6,'大米洗净放入锅中，加入姜丝，水大火煮开转中小火煮制粥粘稠后下入腌制好的鸡肉丝，调入盐，少许糖提鲜，鸡粉.煮制鸡肉成熟后关火下入小葱碎即可'),(58,6,'每天清晨当她醒来的时候，我会煮好早餐端到她的面前。PS：这只不过是个美好的愿望！!'),(59,7,'准备好所有的食材。'),(60,7,'黄瓜洗净切段，苹果去皮切块，放入搅拌机。'),(61,7,'加入柠檬汁，和适量的纯净水。'),(62,7,'搅打成汁即可饮用。'),(63,8,'超市水发海带丝，洗净用开水煮3分钟，捞出凉水过一下。待用！'),(64,8,'香菜，葱白，红椒洗净，切丝待用！'),(65,8,'把海带丝，香菜，葱丝，红椒丝放入大碗中，依次放入调料：盐，白糖，白醋，鸡精，辣椒油，香油！拌匀装盘撒上熟芝麻即可！'),(66,9,'大米淘洗干净，开洋用料酒泡发，火腿、香菇切丁，胡萝卜、山药去皮切丁'),(67,9,'锅里放入大米、栗子、银杏、开洋、火腿丁、姜丝，加入足量清水'),(68,9,'大火煮沸后转小火熬煮30-40分钟'),(69,9,'加入山药、香菇、胡萝卜丁继续熬煮约20分钟至粥粘稠'),(70,9,'加入青豆，调入适量盐和白胡椒粉即可'),(71,10,'备好食材'),(72,10,'花生油1小碗，米酒1小碗，老抽和生抽按照1：3的比例调成一小碗汁，这里需要注意的是我用的小碗要比普通的小饭碗还要小一号'),(73,10,'除了冰糖以外的食材混在一起搅匀'),(74,10,'三黄鸡在买的时候都处理干净了，我们需要做的是洗净并剪掉鸡屁股和爪子上的指甲，另外在（如图）筷子所指的这个位置有两块紫红色的东西，它很脏腥气也重要去掉'),(75,10,'把它掏出来扔掉，鸡肚子里再次冲洗干净'),(76,10,'鸡肉厚的地方用叉子叉出小洞，这样更入味'),(77,10,'倒入2/3的腌汁到三黄鸡的盆里'),(78,10,'充分按摩抓匀，把鸡爪子别到鸡肚子里，最后把再把汁和葱头姜片也放到到鸡肚里一些'),(79,10,'封上保鲜膜入冰箱冷藏腌制一夜，中途翻面'),(80,10,'把剩下的1/3腌汁倒到电饭锅里'),(81,10,'腌好的鸡放到电饭锅里，盖上盖子按煮饭键'),(82,10,'中途翻面，汤汁剩一半的时候放入冰糖，一个煮饭程序结束的时候不要立即打开，再焖10分钟即可出锅，最后再收一下汤汁盛到小碗里，随鸡肉上桌，口味重的蘸食'),(83,10,'手撕后上桌，哈哈，绝对够豪放'),(84,10,'来个大鸡腿，好香啊！'),(98,11,'将切成寸段的排骨放入碗中， 加入适量的盐、姜片和蒜片；'),(99,11,'再加入叉烧酱、生抽、料酒和蜂蜜，搅拌均匀后加盖放入冰箱中腌制二个小时以上；'),(100,11,'将腌好的排骨连同腌制的汁一起倒入电饭煲中， 再加入适量的水， 水以刚刚没过原料为好；'),(101,11,'按下煮饭功能键， 程序完成了就表示排骨煮好了；'),(102,11,'烧锅水， 加入适量的盐和几滴油，下入西兰花焯水；'),(103,11,'将焯过水的西兰花沿着盘子的一圈摆放好；'),(104,11,'将煮好的排骨从电饭煲倒入干净的锅中，捞出腌制时的姜片等；'),(105,11,'大火收汁（必要时可以再加入点盐），完全收干，直至煸炒排骨中部分油脂， 表面微微的发焦即可。'),(106,11,'装入盘中。'),(107,12,'把食材清洗干净，调料准备好。'),(108,12,'青红辣辣切菱形片，五花肉切成薄片，蒜头剁碎。'),(109,12,'锅子烧开后放油，油温五成热时放入姜片爆香。'),(110,12,'接着放入五花肉片煽炒至变色，开中火就行。'),(111,12,'直到炒至肥肉部分透明'),(112,12,'加入豆豉酱和蒜末翻炒片刻。'),(113,12,'依次放入生抽，老抽，料酒，盐，糖，翻炒均匀。'),(114,12,'加入青红椒大火翻炒一分钟左右。'),(115,12,'加入鸡精炒匀，淋上醋翻炒几下出锅'),(116,13,'准备食材：莴笋：1棵，鸡蛋：3个，盐：5g，油：适量，淀粉：适量'),(117,13,'将莴笋去皮，洗净后切片。用热水焯烫。水开后倒入莴笋，当其颜色略变深，迅速捞出，用凉水过凉，控干水份备用。'),(118,13,'锅中倒入油，将鸡蛋炒成块儿备用。不要炒得太碎，以免影响品相。'),(119,13,'重新起锅，加入底油，油热后，倒入莴笋进行翻炒。因为我们事先已进行过焯烫，所以炒制时间不宜过久。'),(120,13,'加入盐，鸡蛋，迅速翻炒均匀。倒入少许水淀粉勾芡，翻炒均匀后关火盛盘。'),(121,13,'这道莴笋炒鸡蛋口感爽脆，淡绿清香，老少皆宜。'),(122,13,'又是一个快手菜，不会费太多时间和精力，就能吃得美美的。'),(123,13,'莴笋是一种美味可口的蔬菜，其茎鲜香脆嫩，可生食、可凉拌、可烧、可炒、可烩，还可以加工成腌制酱菜、泡菜。'),(124,14,'将八角、桂皮、干辣椒、香叶、小茴香等大料放入调味料钢球中；'),(125,14,'将牛筋、卤料钢球、酱油、白酒和适量的水放入高压锅中；'),(126,14,'打开大火， 上汽后转为小火， 20分钟关火；'),(127,14,'将卤制好的牛筋切成小段， 再准备些葱姜蒜和青红椒；'),(128,14,'烧热锅， 放少许油， 下入葱姜蒜；'),(129,14,'爆香后下入牛筋翻炒（如果牛筋是提前卤制的已经变硬可以适量加入卤汁煮一下）；'),(130,14,'加入点辣椒粉继续翻炒；'),(131,14,'再加入青红椒一起翻炒；'),(132,14,'青红椒翻炒变色且微微发软时加入盐等调味；'),(133,15,'大蒜去皮切成碎末。整根茄子洗净入微波炉高火叮5-6分钟。'),(134,15,'油热后放蒜末炒香，加适量生抽、胡椒粉、辣椒粉，少许老抽和蚝油，炒匀关火。'),(135,15,'将叮熟的茄子切开铺平，铺上炒好的蒜蓉。适当用筷子戳一下，更好入味'),(136,15,'放入微波炉再次高火叮5-6分钟。'),(137,15,'根据口味撒点辣椒粉、孜然粉、葱花。 ');
/*!40000 ALTER TABLE `recipe_step` ENABLE KEYS */;
UNLOCK TABLES;

--
-- Table structure for table `recipe_type`
--

DROP TABLE IF EXISTS `recipe_type`;
/*!40101 SET @saved_cs_client     = @@character_set_client */;
/*!40101 SET character_set_client = utf8 */;
CREATE TABLE `recipe_type` (
  `id` int(11) NOT NULL AUTO_INCREMENT,
  `recipe_id` int(11) NOT NULL,
  `style` varchar(64) DEFAULT NULL,
  `method` varchar(64) DEFAULT NULL,
  `flavor` varchar(64) DEFAULT NULL,
  `kind` varchar(64) DEFAULT NULL,
  `stape` varchar(64) DEFAULT NULL,
  `bake` varchar(64) DEFAULT NULL,
  `crowd` varchar(64) DEFAULT NULL,
  `tool` varchar(64) DEFAULT NULL,
  `scene` varchar(64) DEFAULT NULL,
  `slim` varchar(64) DEFAULT NULL,
  `effect` varchar(64) DEFAULT NULL,
  `nurse` varchar(64) DEFAULT NULL,
  `festival` varchar(64) DEFAULT NULL,
  PRIMARY KEY (`id`),
  KEY `FK77283B4BD0F54A6B` (`recipe_id`),
  CONSTRAINT `FK77283B4BD0F54A6B` FOREIGN KEY (`recipe_id`) REFERENCES `recipe` (`id`),
  CONSTRAINT `recipe_type_ibfk_1` FOREIGN KEY (`recipe_id`) REFERENCES `recipe` (`id`)
) ENGINE=InnoDB AUTO_INCREMENT=40 DEFAULT CHARSET=utf8;
/*!40101 SET character_set_client = @saved_cs_client */;

--
-- Dumping data for table `recipe_type`
--

LOCK TABLES `recipe_type` WRITE;
/*!40000 ALTER TABLE `recipe_type` DISABLE KEYS */;
INSERT INTO `recipe_type` VALUES (1,1,'淮扬菜','蒸',NULL,'下饭菜',NULL,NULL,NULL,NULL,'一家三口',NULL,NULL,NULL,NULL),(2,1,NULL,NULL,NULL,'肉类',NULL,NULL,NULL,NULL,'午餐',NULL,NULL,NULL,NULL),(3,2,'川菜','腌','酸','水产',NULL,NULL,NULL,NULL,'午餐',NULL,NULL,NULL,NULL),(4,2,NULL,'煎','辣','下饭菜',NULL,NULL,NULL,NULL,'一家三口',NULL,NULL,NULL,NULL),(5,3,'粤菜','蒸','香','主食',NULL,NULL,NULL,NULL,'午餐',NULL,NULL,NULL,NULL),(6,4,'台湾美食','炖','酸','主食','盖浇饭',NULL,NULL,NULL,'午餐',NULL,NULL,NULL,NULL),(7,4,NULL,'焖','甜',NULL,NULL,NULL,NULL,NULL,'一家三口',NULL,NULL,NULL,NULL),(8,5,'云南菜','炒','香辣','下饭菜',NULL,NULL,NULL,NULL,'午餐',NULL,NULL,NULL,NULL),(9,5,NULL,NULL,NULL,'豆制品',NULL,NULL,NULL,NULL,'单身食谱',NULL,NULL,NULL,NULL),(10,6,NULL,NULL,NULL,'主食','粥',NULL,'幼儿食谱',NULL,'午餐',NULL,'健脾养胃',NULL,NULL),(11,6,NULL,NULL,NULL,NULL,NULL,NULL,'孕妇食谱',NULL,'单身食谱',NULL,NULL,NULL,NULL),(12,6,NULL,NULL,NULL,NULL,NULL,NULL,'产妇食谱',NULL,'早餐食谱',NULL,NULL,NULL,NULL),(13,7,NULL,NULL,'爽口','饮品',NULL,NULL,NULL,NULL,'下午茶','减肥食谱','清热去火',NULL,NULL),(14,8,NULL,NULL,NULL,'凉菜',NULL,NULL,'素食主义',NULL,'单身食谱',NULL,'调节内分泌','降血压',NULL),(15,9,NULL,'煮','鲜','粥',NULL,NULL,'素食主义',NULL,'单身食谱','健康食谱',NULL,NULL,'腊八'),(16,9,NULL,NULL,'咸',NULL,NULL,NULL,'老年食谱',NULL,NULL,NULL,NULL,NULL,NULL),(17,10,NULL,'煮','香','下饭菜',NULL,NULL,NULL,'电饭煲美食',NULL,NULL,'补硒食谱',NULL,'年夜饭'),(18,10,NULL,NULL,NULL,'禽类',NULL,NULL,NULL,NULL,NULL,NULL,NULL,NULL,NULL),(25,11,NULL,NULL,NULL,'肉类',NULL,NULL,NULL,NULL,'午餐',NULL,NULL,NULL,'年夜饭'),(26,11,NULL,NULL,NULL,'酒',NULL,NULL,NULL,NULL,'朋友聚餐',NULL,NULL,NULL,NULL),(27,11,NULL,NULL,NULL,'下酒菜',NULL,NULL,NULL,NULL,NULL,NULL,NULL,NULL,NULL),(28,12,NULL,NULL,NULL,'酒',NULL,NULL,'儿童',NULL,'午餐',NULL,'健脾养胃',NULL,'年夜饭'),(29,12,NULL,NULL,NULL,'下酒菜',NULL,NULL,NULL,NULL,'朋友聚餐',NULL,NULL,NULL,NULL),(30,12,NULL,NULL,NULL,'肉类',NULL,NULL,NULL,NULL,'一家三口',NULL,NULL,NULL,NULL),(31,13,NULL,'炒','香','下饭菜',NULL,NULL,'儿童',NULL,'一家三口','健康食谱','健脾养胃',NULL,NULL),(32,13,NULL,NULL,NULL,NULL,NULL,NULL,NULL,NULL,'单身食谱',NULL,NULL,NULL,NULL),(33,14,'淮扬菜','炒','辣','下饭菜',NULL,NULL,NULL,NULL,'一家三口',NULL,NULL,NULL,NULL),(34,14,NULL,NULL,'香','肉类',NULL,NULL,NULL,NULL,NULL,NULL,NULL,NULL,NULL),(35,14,NULL,NULL,NULL,'酒',NULL,NULL,NULL,NULL,NULL,NULL,NULL,NULL,NULL),(36,14,NULL,NULL,NULL,'下酒菜',NULL,NULL,NULL,NULL,NULL,NULL,NULL,NULL,NULL),(37,15,NULL,'烤',NULL,NULL,NULL,NULL,NULL,'微波炉食谱','午餐',NULL,NULL,NULL,NULL),(38,15,NULL,NULL,NULL,NULL,NULL,NULL,NULL,NULL,'一家三口',NULL,NULL,NULL,NULL),(39,15,NULL,NULL,NULL,NULL,NULL,NULL,NULL,NULL,'单身食谱',NULL,NULL,NULL,NULL);
/*!40000 ALTER TABLE `recipe_type` ENABLE KEYS */;
UNLOCK TABLES;

--
-- Table structure for table `user`
--

DROP TABLE IF EXISTS `user`;
/*!40101 SET @saved_cs_client     = @@character_set_client */;
/*!40101 SET character_set_client = utf8 */;
CREATE TABLE `user` (
  `id` int(11) NOT NULL AUTO_INCREMENT,
  `username` varchar(64) NOT NULL,
  `password` varchar(64) NOT NULL,
  `sex` varchar(32) DEFAULT NULL,
  `fansnum` int(11) DEFAULT '0',
  `description` text,
  PRIMARY KEY (`id`),
  UNIQUE KEY `username` (`username`)
) ENGINE=InnoDB AUTO_INCREMENT=16 DEFAULT CHARSET=utf8;
/*!40101 SET character_set_client = @saved_cs_client */;

--
-- Dumping data for table `user`
--

LOCK TABLES `user` WRITE;
/*!40000 ALTER TABLE `user` DISABLE KEYS */;
INSERT INTO `user` VALUES (1,'Angel','123456','女',1,'坚持梦想,不忘初心。'),(2,'Howard','123456','男',1,'Charity begins at home'),(3,'Susan','123456','女',1,'Just do it'),(4,'Wade','123456','男',1,'Keep moving'),(5,'Richel','123456','女',2,'我是小秋,杂食吃货一枚！'),(6,'Kobe','123456','男',9,'Nothing is impossible'),(7,'Monika','123456','女',1,'I want to be chef！'),(8,'Ross','123456','男',2,'吃货的职业一定和吃相关！'),(9,'Bella','123456','女',1,'所有菜谱均为原创,未经本人允许,请勿转载！'),(10,'Turing','123456','男',1,'在生命中寻找欢乐！'),(11,'大梦初醒','123456','男',0,'做最地道的淮扬菜'),(12,'酒红色的心','123456','女',1,'用心做好每一餐'),(13,'大叔日食记','123456','男',0,'治愈你的心和胃'),(14,'梅姐姐的小资生活','123456','女',0,'喜欢美食的亲们可以关注我，每道菜下面都有写哦'),(15,'乐悠厨房','123456','女',0,'所有菜谱均为原创，未经本人允许，请勿转载');
/*!40000 ALTER TABLE `user` ENABLE KEYS */;
UNLOCK TABLES;

--
-- Table structure for table `user_recipe`
--

DROP TABLE IF EXISTS `user_recipe`;
/*!40101 SET @saved_cs_client     = @@character_set_client */;
/*!40101 SET character_set_client = utf8 */;
CREATE TABLE `user_recipe` (
  `id` int(11) NOT NULL AUTO_INCREMENT,
  `user_id` int(11) NOT NULL,
  `recipe_id` int(11) NOT NULL,
  PRIMARY KEY (`id`),
  KEY `FKF47F9C82D0F54A6B` (`recipe_id`),
  KEY `FKF47F9C82F2576D8B` (`user_id`),
  CONSTRAINT `FKF47F9C82D0F54A6B` FOREIGN KEY (`recipe_id`) REFERENCES `recipe` (`id`),
  CONSTRAINT `FKF47F9C82F2576D8B` FOREIGN KEY (`user_id`) REFERENCES `user` (`id`),
  CONSTRAINT `user_recipe_ibfk_1` FOREIGN KEY (`recipe_id`) REFERENCES `recipe` (`id`),
  CONSTRAINT `user_recipe_ibfk_2` FOREIGN KEY (`user_id`) REFERENCES `user` (`id`)
) ENGINE=InnoDB AUTO_INCREMENT=19 DEFAULT CHARSET=utf8;
/*!40101 SET character_set_client = @saved_cs_client */;

--
-- Dumping data for table `user_recipe`
--

LOCK TABLES `user_recipe` WRITE;
/*!40000 ALTER TABLE `user_recipe` DISABLE KEYS */;
INSERT INTO `user_recipe` VALUES (1,6,1),(2,6,2),(3,6,3),(4,6,4),(5,6,5),(6,6,6),(7,6,7),(8,6,8),(9,6,9),(10,6,10),(11,1,5),(12,2,5),(13,1,4),(14,2,4),(15,4,5),(16,4,12),(17,5,12),(18,11,14);
/*!40000 ALTER TABLE `user_recipe` ENABLE KEYS */;
UNLOCK TABLES;
/*!40103 SET TIME_ZONE=@OLD_TIME_ZONE */;

/*!40101 SET SQL_MODE=@OLD_SQL_MODE */;
/*!40014 SET FOREIGN_KEY_CHECKS=@OLD_FOREIGN_KEY_CHECKS */;
/*!40014 SET UNIQUE_CHECKS=@OLD_UNIQUE_CHECKS */;
/*!40101 SET CHARACTER_SET_CLIENT=@OLD_CHARACTER_SET_CLIENT */;
/*!40101 SET CHARACTER_SET_RESULTS=@OLD_CHARACTER_SET_RESULTS */;
/*!40101 SET COLLATION_CONNECTION=@OLD_COLLATION_CONNECTION */;
/*!40111 SET SQL_NOTES=@OLD_SQL_NOTES */;

-- Dump completed on 2017-04-24 17:00:38
